103|2023-08-05 16:00:00+00|1|3|5|1.2000|1.0000|5|0.8000|2.2000
103|2023-08-06 15:00:00+00|0|2|5|2.0000|2.0000|5|0.8000|1.6000
103|2023-08-06 15:00:00+00|1|2|5|1.0000|1.4000|5|1.4000|1.2000
103|2023-08-06 15:00:00+00|4|0|5|1.6000|1.6000|5|0.4000|1.2000
103|2023-08-06 15:00:00+00|5|1|5|1.6000|3.4000|5|2.6000|3.0000
103|2023-08-06 15:00:00+00|3|1|5|1.4000|0.6000|6|2.3333|1.1667
103|2023-08-06 17:15:00+00|3|2|5|2.0000|0.4000|5|2.2000|1.4000
103|2023-08-12 14:00:00+00|2|2|6|2.1667|3.0000|5|2.8000|0.6000
103|2023-08-12 16:00:00+00|1|2|6|2.3333|3.3333|6|1.1667|1.3333
103|2023-08-13 15:00:00+00|1|3|7|2.1429|1.4286|6|2.1667|0.6667
103|2023-08-13 15:00:00+00|0|2|6|0.8333|2.1667|6|1.6667|2.0000
103|2023-08-13 17:15:00+00|1|1|6|1.1667|2.0000|6|1.0000|1.5000
103|2023-08-19 16:00:00+00|0|3|6|2.0000|1.3333|7|2.1429|3.1429
103|2023-08-19 16:00:00+00|0|0|6|2.6667|0.8333|7|1.1429|1.8571
103|2023-08-20 15:00:00+00|3|0|7|1.7143|1.7143|6|1.5000|1.1667
103|2023-08-20 15:00:00+00|1|0|7|2.2857|0.7143|6|0.3333|1.6667
103|2023-08-20 15:00:00+00|1|0|6|1.6667|0.6667|7|2.1429|2.8571
103|2023-08-20 15:00:00+00|5|1|6|1.0000|1.3333|7|0.7143|2.1429
103|2023-08-20 15:00:00+00|1|3|7|1.0000|1.4286|6|2.1667|1.6667
103|2023-08-20 17:15:00+00|1|2|7|1.2857|1.2857|8|2.0000|1.6250
119|2023-08-25 16:30:00+00|1|0|5|0.8000|2.8000|5|1.4000|1.6000
119|2023-08-26 14:00:00+00|1|3|5|2.6000|0.8000|5|1.4000|1.4000
103|2023-08-26 16:00:00+00|4|0|8|2.2500|2.7500|7|1.5714|0.5714
119|2023-08-27 12:00:00+00|1|0|5|1.4000|1.2000|5|1.6000|1.6000
119|2023-08-27 14:00:00+00|1|5|5|0.4000|1.4000|5|1.4000|1.6000
103|2023-08-27 15:00:00+00|0|0|8|1.8750|2.6250|8|1.0000|1.6250
103|2023-08-27 15:00:00+00|2|2|8|1.0000|1.6250|7|1.7143|1.5714
119|2023-08-27 16:00:00+00|3|0|5|3.0000|1.0000|5|1.2000|1.2000
103|2023-08-27 17:15:00+00|4|0|7|1.2857|1.4286|8|0.7500|2.5000
119|2023-08-28 17:00:00+00|0|1|5|1.0000|2.0000|5|1.6000|1.2000
119|2023-09-01 17:00:00+00|1|2|6|2.0000|1.5000|6|0.8333|1.8333
144|2023-09-01 18:45:00+00|3|0|5|1.0000|2.4000|5|0.8000|2.8000
144|2023-09-02 14:00:00+00|2|1|5|1.0000|0.4000|5|1.2000|2.2000
103|2023-09-02 16:00:00+00|1|1|8|2.1250|0.6250|9|1.1111|1.6667
144|2023-09-02 16:15:00+00|1|0|5|1.6000|1.0000|5|1.8000|1.8000
119|2023-09-03 12:00:00+00|1|1|6|1.3333|1.5000|6|3.0000|0.8333
119|2023-09-03 12:00:00+00|1|0|6|1.6667|1.3333|6|0.5000|2.0000
119|2023-09-03 14:00:00+00|3|1|6|1.5000|1.0000|6|0.8333|2.3333
103|2023-09-03 15:00:00+00|3|1|8|1.3750|1.0000|8|1.6250|1.2500
103|2023-09-03 15:00:00+00|3|2|8|1.7500|1.6250|9|1.6667|2.3333
103|2023-09-03 15:00:00+00|1|0|7|1.5714|1.2857|9|2.4444|2.4444
103|2023-09-03 15:00:00+00|1|1|9|0.6667|2.6667|9|2.0000|1.5556
103|2023-09-03 15:00:00+00|1|2|9|0.8889|1.4444|7|2.2857|0.7143
103|2023-09-03 15:00:00+00|2|1|8|1.2500|1.3750|7|0.2857|1.5714
119|2023-09-03 16:00:00+00|2|0|6|2.3333|1.1667|6|1.1667|1.5000
144|2023-09-03 17:15:00+00|1|1|5|0.6000|1.2000|5|0.8000|1.0000
103|2023-09-03 17:15:00+00|4|4|8|1.8750|1.5000|7|2.2857|1.5714
119|2023-09-03 18:00:00+00|1|1|6|1.0000|1.5000|6|1.3333|1.0000
119|2023-09-15 17:00:00+00|2|2|7|1.0000|1.5714|7|1.0000|1.4286
144|2023-09-15 18:45:00+00|0|3|6|1.1667|2.1667|5|2.0000|0.8000
144|2023-09-16 14:00:00+00|2|1|5|1.0000|2.6000|6|1.1667|0.5000
119|2023-09-16 14:00:00+00|2|2|7|2.7143|0.8571|7|2.2857|1.0000
103|2023-09-16 16:00:00+00|4|1|8|2.2500|0.7500|9|1.8889|1.6667
103|2023-09-16 16:00:00+00|0|2|10|0.9000|1.5000|9|2.0000|0.6667
103|2023-09-16 16:00:00+00|2|0|10|1.7000|2.4000|9|1.3333|1.3333
144|2023-09-16 16:15:00+00|0|2|5|2.0000|1.4000|5|1.2000|0.4000
144|2023-09-16 18:45:00+00|4|2|5|3.0000|0.8000|6|0.6667|1.1667
144|2023-09-17 11:30:00+00|1|3|6|1.5000|1.6667|6|0.5000|1.0000
119|2023-09-17 12:00:00+00|1|2|7|1.0000|1.7143|7|0.8571|2.4286
144|2023-09-17 14:00:00+00|2|2|6|0.6667|2.8333|6|1.1667|0.8333
119|2023-09-17 14:00:00+00|0|1|7|0.4286|1.8571|7|1.2857|1.4286
103|2023-09-17 15:00:00+00|3|1|10|2.2000|2.3000|10|1.9000|1.5000
103|2023-09-17 15:00:00+00|1|1|9|1.5556|1.4444|8|2.5000|1.8750
103|2023-09-17 15:00:00+00|2|1|9|1.5556|1.0000|9|2.1111|1.7778
103|2023-09-17 15:00:00+00|0|1|8|0.3750|1.6250|8|1.5000|1.1250
119|2023-09-17 16:00:00+00|0|3|7|1.2857|1.0000|7|1.7143|1.0000
144|2023-09-17 16:30:00+00|1|1|6|1.3333|2.0000|5|2.2000|1.2000
103|2023-09-17 17:15:00+00|3|1|10|1.1000|1.6000|10|0.7000|2.5000
144|2023-09-17 17:15:00+00|2|0|6|0.8333|1.0000|6|1.5000|0.8333
119|2023-09-18 17:00:00+00|0|3|7|1.8571|1.5714|7|1.5714|1.1429
119|2023-09-22 17:00:00+00|1|1|8|1.2500|1.2500|8|1.0000|1.7500
144|2023-09-22 18:45:00+00|0|0|7|0.8571|1.0000|7|1.0000|2.2857
144|2023-09-23 14:00:00+00|1|0|7|0.8571|1.5714|7|0.8571|2.7143
103|2023-09-23 16:00:00+00|1|1|11|0.7273|2.5455|9|0.3333|1.5556
144|2023-09-23 16:15:00+00|1|2|7|1.2857|1.0000|7|1.2857|1.8571
144|2023-09-23 18:45:00+00|0|0|6|2.1667|0.6667|6|1.1667|2.3333
144|2023-09-24 11:30:00+00|3|3|6|1.3333|0.3333|7|1.0000|0.8571
119|2023-09-24 12:00:00+00|2|3|8|1.8750|0.8750|8|2.2500|1.1250
119|2023-09-24 12:00:00+00|2|0|8|1.7500|1.0000|8|1.1250|1.6250
119|2023-09-24 14:00:00+00|1|1|8|1.0000|2.2500|8|1.1250|1.2500
144|2023-09-24 14:00:00+00|0|2|7|1.1429|0.7143|6|1.6667|1.5000
103|2023-09-24 15:00:00+00|1|1|10|1.8000|1.9000|11|0.8182|1.5455
103|2023-09-24 15:00:00+00|4|3|10|2.0000|0.6000|11|1.7273|2.1818
103|2023-09-24 15:00:00+00|1|1|10|1.2000|1.4000|9|2.4444|0.7778
103|2023-09-24 15:00:00+00|4|2|9|2.3333|1.7778|11|1.2727|1.5455
103|2023-09-24 15:00:00+00|3|0|11|1.8182|1.6364|10|1.5000|1.4000
103|2023-09-24 15:00:00+00|1|1|10|2.0000|1.8000|11|2.2727|2.1818
119|2023-09-24 16:00:00+00|2|1|8|1.1250|1.5000|8|1.6250|1.7500
144|2023-09-24 16:30:00+00|1|1|7|1.2857|1.0000|6|3.1667|1.0000
103|2023-09-24 17:15:00+00|2|1|9|1.4444|1.0000|10|1.6000|1.0000
144|2023-09-24 17:15:00+00|2|1|6|2.0000|1.1667|7|1.4286|1.8571
119|2023-09-25 17:00:00+00|0|0|8|2.6250|1.0000|8|0.3750|1.7500
197|2023-09-27 15:00:00+00|1|1|5|1.4000|2.8000|5|1.0000|2.0000
197|2023-09-27 17:30:00+00|4|1|5|3.0000|0.2000|5|1.6000|1.2000
197|2023-09-27 17:30:00+00|3|0|5|1.6000|0.6000|5|1.2000|2.2000
144|2023-09-27 18:45:00+00|0|0|7|1.8571|0.5714|7|2.0000|1.1429
197|2023-09-28 14:30:00+00|3|2|5|1.6000|1.6000|5|1.2000|1.2000
144|2023-09-28 16:30:00+00|2|3|7|1.0000|2.0000|7|1.7143|1.2857
144|2023-09-28 18:45:00+00|1|1|7|2.8571|1.0000|7|1.5714|0.7143
144|2023-09-29 18:45:00+00|2|1|8|0.7500|2.5000|8|1.0000|0.8750
103|2023-09-30 13:00:00+00|0|1|10|0.4000|1.5000|11|1.5455|1.0909
119|2023-09-30 13:00:00+00|0|2|9|2.3333|1.2222|9|1.2222|1.4444
144|2023-09-30 14:00:00+00|1|3|8|1.3750|1.8750|8|1.2500|1.0000
144|2023-09-30 16:15:00+00|1|2|8|1.3750|1.7500|8|0.7500|0.8750
144|2023-09-30 18:45:00+00|0|0|8|1.2500|1.1250|8|1.6250|0.5000
144|2023-10-01 11:30:00+00|3|1|8|1.8750|1.3750|8|0.8750|1.3750
119|2023-10-01 12:00:00+00|0|0|9|1.0000|1.6667|9|2.3333|0.8889
197|2023-10-01 12:00:00+00|1|0|6|1.0000|1.8333|5|0.4000|2.0000
119|2023-10-01 12:00:00+00|1|0|9|1.0000|2.1111|9|1.7778|0.8889
103|2023-10-01 13:00:00+00|0|2|12|1.9167|1.5000|10|1.5000|1.0000
119|2023-10-01 14:00:00+00|0|3|9|0.3333|1.5556|9|1.8889|1.1111
144|2023-10-01 14:00:00+00|3|3|8|1.5000|0.7500|8|0.8750|2.0000
197|2023-10-01 14:30:00+00|1|1|6|1.5000|1.6667|6|1.3333|2.5000
103|2023-10-01 15:00:00+00|4|0|10|2.3000|0.8000|11|2.1818|0.8182
103|2023-10-01 15:00:00+00|1|2|12|1.8333|2.3333|12|1.3333|1.7500
119|2023-10-01 16:00:00+00|2|1|9|1.0000|1.6667|9|1.1111|1.2222
144|2023-10-01 16:30:00+00|1|1|8|2.6250|1.0000|8|1.2500|1.1250
197|2023-10-01 16:30:00+00|2|2|5|2.8000|0.6000|6|1.8333|0.5000
144|2023-10-01 17:15:00+00|1|1|8|1.1250|2.1250|8|1.7500|1.0000
103|2023-10-01 17:15:00+00|2|0|10|2.5000|1.8000|11|1.1818|1.3636
197|2023-10-01 17:30:00+00|0|3|6|1.3333|1.5000|6|3.1667|0.3333
197|2023-10-02 15:00:00+00|0|0|5|0.8000|2.0000|6|1.6667|2.1667
119|2023-10-02 17:00:00+00|1|2|9|1.5556|1.7778|9|1.2222|1.2222
197|2023-10-02 17:00:00+00|2|0|6|1.3333|1.5000|5|1.8000|1.2000
103|2023-10-04 17:00:00+00|5|2|11|0.3636|1.4545|11|1.9091|1.7273
119|2023-10-06 17:00:00+00|5|0|10|1.6000|0.9000|10|1.3000|1.2000
144|2023-10-06 18:45:00+00|2|1|9|0.8889|1.5556|9|1.1111|2.0000
144|2023-10-07 14:00:00+00|3|2|9|1.0000|1.0000|9|1.3333|1.7778
103|2023-10-07 16:00:00+00|1|1|11|1.7273|1.8182|12|2.0000|1.0833
144|2023-10-07 16:15:00+00|1|0|9|1.1111|2.1111|9|0.8889|2.3333
144|2023-10-07 18:45:00+00|3|1|9|1.4444|1.0000|9|1.1111|1.0000
144|2023-10-08 11:30:00+00|2|1|9|0.8889|0.8889|9|2.4444|1.0000
119|2023-10-08 12:00:00+00|3|1|10|0.9000|1.5000|10|0.3000|1.7000
119|2023-10-08 12:00:00+00|0|1|10|2.1000|0.8000|10|1.5000|1.8000
119|2023-10-08 14:00:00+00|1|0|10|2.0000|1.0000|10|1.1000|1.6000
144|2023-10-08 14:00:00+00|4|1|9|1.4444|0.4444|9|1.3333|2.0000
103|2023-10-08 15:00:00+00|0|1|13|1.7692|2.3077|12|1.9167|2.0000
103|2023-10-08 15:00:00+00|1|2|12|1.5000|1.0000|12|0.7500|2.4167
103|2023-10-08 15:00:00+00|1|0|12|0.8333|1.5000|12|1.0833|1.4167
103|2023-10-08 15:00:00+00|1|0|12|0.7500|1.5000|13|1.7692|1.5385
103|2023-10-08 15:00:00+00|5|2|12|2.1667|2.0833|11|1.3636|1.5455
103|2023-10-08 15:00:00+00|1|3|11|2.4545|0.7273|11|2.4545|1.6364
119|2023-10-08 16:00:00+00|2|2|10|1.3000|1.3000|10|1.0000|1.9000
197|2023-10-08 16:30:00+00|3|0|6|1.5000|1.3333|6|0.3333|1.8333
144|2023-10-08 16:30:00+00|1|1|9|1.6667|1.0000|9|1.6667|1.0000
103|2023-10-08 17:15:00+00|1|2|13|1.3846|1.6923|11|1.5455|0.9091
144|2023-10-08 17:15:00+00|0|4|9|1.2222|1.1111|9|2.0000|1.3333
119|2023-10-08 18:00:00+00|1|1|10|1.1000|1.3000|10|2.1000|1.3000
197|2023-10-08 18:30:00+00|5|0|6|2.6667|0.8333|6|0.6667|1.6667
119|2023-10-20 17:00:00+00|1|2|11|0.3636|1.8182|11|1.9091|0.8182
197|2023-10-20 17:30:00+00|2|1|7|1.0000|1.5714|7|1.1429|1.7143
144|2023-10-20 18:45:00+00|4|1|10|2.2000|1.2000|10|1.3000|2.2000
103|2023-10-21 13:00:00+00|4|3|12|2.5000|1.5833|14|1.6429|2.2143
144|2023-10-21 14:00:00+00|1|0|10|0.8000|2.2000|10|2.3000|1.1000
197|2023-10-21 14:30:00+00|2|0|7|0.2857|2.0000|6|1.0000|2.3333
119|2023-10-21 15:00:00+00|2|1|11|2.0000|1.2727|11|1.0909|1.4545
103|2023-10-21 16:00:00+00|3|2|12|1.5833|0.9167|12|2.3333|0.9167
144|2023-10-21 16:15:00+00|1|1|10|1.1000|2.0000|10|1.1000|1.9000
197|2023-10-21 17:00:00+00|1|0|7|1.4286|1.5714|6|1.8333|1.6667
144|2023-10-21 18:45:00+00|3|2|10|1.0000|1.5000|10|1.7000|0.5000
144|2023-10-22 11:30:00+00|4|0|10|1.6000|1.0000|10|1.1000|1.2000
119|2023-10-22 12:00:00+00|0|2|11|1.1818|1.5455|11|1.0909|1.2727
103|2023-10-22 12:30:00+00|2|0|14|1.6429|1.5000|14|1.3571|1.7143
197|2023-10-22 13:00:00+00|0|3|7|1.4286|1.8571|7|1.7143|1.1429
197|2023-10-22 13:00:00+00|0|0|7|1.2857|2.2857|7|1.4286|1.2857
119|2023-10-22 14:00:00+00|0|2|11|1.0000|1.5455|11|1.9091|0.8182
144|2023-10-22 14:00:00+00|2|0|10|1.2000|1.1000|10|1.6000|1.0000
103|2023-10-22 15:00:00+00|1|1|12|1.4167|1.8333|13|0.7692|1.3846
103|2023-10-22 15:00:00+00|0|3|13|1.8462|1.8462|13|0.8462|1.3846
103|2023-10-22 15:00:00+00|3|2|13|0.8462|2.3077|13|2.3846|2.0769
103|2023-10-22 15:00:00+00|3|1|13|1.0000|1.3846|12|1.6667|1.7500
197|2023-10-22 15:30:00+00|2|0|7|1.8571|0.7143|7|0.5714|2.1429
119|2023-10-22 16:00:00+00|2|2|11|1.0909|1.9091|11|1.9091|0.9091
144|2023-10-22 16:30:00+00|3|2|10|1.0000|0.9000|10|1.6000|1.0000
197|2023-10-22 16:30:00+00|0|3|7|3.1429|0.2857|7|3.0000|0.7143
103|2023-10-22 17:15:00+00|3|4|13|1.9231|1.0769|13|1.4615|1.0769
144|2023-10-22 17:15:00+00|4|0|10|1.4000|1.9000|10|1.1000|1.4000
119|2023-10-23 17:00:00+00|1|2|11|1.4545|1.6364|11|1.3636|1.3636
119|2023-10-27 17:00:00+00|2|1|12|1.4167|1.3333|12|1.0833|1.5833
144|2023-10-27 18:45:00+00|2|1|11|1.0000|1.6364|11|1.0909|1.9091
144|2023-10-28 14:00:00+00|0|2|11|1.0000|1.4545|11|1.2727|1.0000
197|2023-10-28 14:30:00+00|2|1|7|0.8571|2.2857|8|1.1250|2.0000
119|2023-10-28 15:00:00+00|4|0|12|2.0000|1.2500|12|0.4167|1.8333
103|2023-10-28 16:00:00+00|6|1|14|1.0000|1.2857|14|1.0000|2.2857
144|2023-10-28 16:15:00+00|2|0|11|1.2727|2.3636|11|1.1818|1.5455
197|2023-10-28 17:00:00+00|3|2|8|0.5000|2.1250|8|0.5000|1.7500
144|2023-10-28 18:45:00+00|5|1|11|1.6364|1.1818|11|1.6364|1.7273
144|2023-10-29 12:30:00+00|2|1|11|2.0909|1.0909|11|1.7273|0.7273
119|2023-10-29 13:00:00+00|1|1|12|1.0833|1.5000|12|0.9167|1.5833
144|2023-10-29 15:00:00+00|1|3|11|1.0909|1.8182|11|2.3636|1.1818
119|2023-10-29 15:00:00+00|0|0|12|1.9167|0.8333|12|1.4167|1.6667
197|2023-10-29 15:30:00+00|0|1|8|1.2500|2.0000|8|1.1250|1.5000
103|2023-10-29 16:00:00+00|1|1|15|1.7333|2.3333|13|1.6923|1.0000
103|2023-10-29 16:00:00+00|2|0|13|1.6154|1.8462|14|1.7143|1.9286
103|2023-10-29 16:00:00+00|2|2|14|2.3571|2.1429|14|0.7857|1.3571
103|2023-10-29 16:00:00+00|1|0|14|1.1429|1.3571|14|2.0000|1.2857
119|2023-10-29 17:00:00+00|2|1|12|1.9167|1.0000|12|1.9167|0.7500
197|2023-10-29 17:30:00+00|5|0|8|3.0000|0.6250|7|1.5714|1.5714
144|2023-10-29 17:30:00+00|3|1|11|1.4545|1.0909|11|1.1818|1.0000
103|2023-10-29 18:13:00+00|1|3|15|1.2667|1.7333|13|1.3846|1.7692
144|2023-10-29 18:15:00+00|0|3|11|0.8182|2.0000|11|1.8182|0.9091
197|2023-10-29 18:30:00+00|2|0|8|1.3750|1.3750|8|1.1250|1.7500
103|2023-10-30 17:30:00+00|3|1|13|2.6154|1.6923|15|1.6667|1.4000
197|2023-10-30 17:30:00+00|2|0|8|1.8750|1.0000|8|1.8750|0.6250
119|2023-10-30 18:00:00+00|2|1|12|1.1667|1.1667|12|1.1667|1.9167
197|2023-10-30 19:30:00+00|0|2|8|1.2500|1.1250|8|2.7500|0.6250
103|2023-10-30 20:00:00+00|1|4|13|2.3077|1.0769|14|1.6429|1.2143
144|2023-11-03 19:45:00+00|1|1|12|1.0833|1.5833|12|1.3333|2.1667
144|2023-11-04 15:00:00+00|1|1|12|1.0833|1.9167|12|0.7500|2.0833
197|2023-11-04 15:30:00+00|1|2|9|1.1111|1.3333|9|3.2222|0.5556
119|2023-11-04 15:30:00+00|2|2|13|1.0769|1.6154|13|1.3077|1.5385
103|2023-11-04 17:00:00+00|3|0|15|1.6000|1.9333|15|1.8667|1.2667
144|2023-11-04 17:15:00+00|0|2|12|1.5833|2.0000|12|1.0833|1.9167
197|2023-11-04 18:00:00+00|1|1|9|1.1111|2.0000|9|1.8889|0.8889
144|2023-11-04 19:45:00+00|3|2|12|1.6667|0.8333|12|1.9167|0.8333
144|2023-11-05 12:30:00+00|0|3|12|1.3333|0.9167|12|1.9167|1.1667
119|2023-11-05 13:00:00+00|1|0|13|1.8462|0.8462|13|1.0769|1.4615
119|2023-11-05 13:00:00+00|2|1|13|0.9231|1.5385|13|1.7692|0.7692
197|2023-11-05 14:00:00+00|0|1|9|0.6667|1.8889|9|1.1111|1.8889
144|2023-11-05 15:00:00+00|1|1|12|1.1667|1.1667|12|0.9167|1.5000
119|2023-11-05 15:00:00+00|2|4|13|1.1538|1.9231|13|2.1538|1.1538
197|2023-11-05 15:30:00+00|1|1|9|1.0000|1.7778|8|1.0000|2.1250
103|2023-11-05 16:00:00+00|3|2|15|2.3333|2.1333|16|1.2500|1.8125
103|2023-11-05 16:00:00+00|1|0|16|1.6250|1.5000|15|1.3333|1.2667
103|2023-11-05 16:00:00+00|3|1|14|1.5000|1.7143|14|2.2143|1.2857
103|2023-11-05 16:00:00+00|0|4|15|0.8667|1.4000|14|2.6429|1.6429
103|2023-11-05 16:00:00+00|2|1|14|1.6429|1.0000|14|1.6429|1.7143
119|2023-11-05 17:00:00+00|1|4|13|0.3846|2.0000|13|1.4615|1.3077
197|2023-11-05 17:30:00+00|2|4|9|2.6667|0.5556|9|1.6667|0.7778
144|2023-11-05 17:30:00+00|2|1|12|2.4167|1.1667|12|2.0833|1.0833
197|2023-11-05 18:15:00+00|1|3|9|1.4444|1.2222|9|0.7778|2.1111
144|2023-11-05 18:15:00+00|1|3|12|1.0833|1.5833|12|1.5833|1.0833
103|2023-11-05 18:15:00+00|0|1|15|1.8000|1.2000|15|1.1333|1.2667
197|2023-11-06 16:00:00+00|2|1|8|1.3750|2.0000|9|1.1111|1.2222
103|2023-11-06 18:00:00+00|0|3|15|1.0000|2.5333|16|1.6875|2.2500
119|2023-11-06 18:00:00+00|1|1|13|1.9231|1.0000|13|1.2308|1.1538
119|2023-11-10 18:00:00+00|1|1|14|1.7143|0.8571|14|1.2143|2.0714
144|2023-11-10 19:45:00+00|3|3|13|1.1538|1.7692|13|1.0769|1.5385
144|2023-11-11 15:00:00+00|6|0|13|1.7692|0.9231|13|1.1538|1.1538
197|2023-11-11 15:30:00+00|1|1|10|1.1000|1.3000|10|1.0000|1.7000
103|2023-11-11 17:00:00+00|0|2|16|1.2500|1.2500|15|1.6667|1.0000
144|2023-11-11 17:15:00+00|1|3|13|1.3077|2.0769|13|1.0769|1.8462
197|2023-11-11 17:30:00+00|1|1|10|1.0000|2.0000|9|1.4444|1.8889
197|2023-11-11 18:00:00+00|0|2|9|1.0000|2.0000|10|1.4000|1.4000
144|2023-11-11 19:45:00+00|1|0|13|0.9231|1.4615|13|1.0769|1.6923
119|2023-11-12 11:00:00+00|0|0|14|2.2857|1.2143|14|1.8571|1.0000
144|2023-11-12 12:30:00+00|0|0|13|2.0000|1.1538|13|1.2308|1.0769
119|2023-11-12 13:00:00+00|1|0|14|1.0000|1.4286|14|1.1429|1.6429
119|2023-11-12 15:00:00+00|2|0|14|1.6429|1.2857|14|1.7857|0.7857
144|2023-11-12 15:00:00+00|3|1|13|1.9231|1.0000|13|1.4615|2.0000
197|2023-11-12 15:30:00+00|2|1|10|1.9000|0.9000|10|0.6000|1.8000
103|2023-11-12 16:00:00+00|1|2|15|1.6000|1.7333|16|1.6875|1.1875
103|2023-11-12 16:00:00+00|0|1|16|1.1250|1.1875|16|1.6875|1.8125
103|2023-11-12 16:00:00+00|2|1|16|1.7500|1.3750|16|2.3750|2.1250
103|2023-11-12 16:00:00+00|0|0|17|1.2941|1.8824|16|0.8125|1.5625
103|2023-11-12 16:00:00+00|3|2|17|1.7647|2.1176|15|1.6000|1.6667
103|2023-11-12 16:00:00+00|1|0|15|2.7333|1.5333|16|0.9375|2.5625
119|2023-11-12 17:00:00+00|0|2|14|1.3571|1.5714|14|0.4286|2.1429
197|2023-11-12 17:30:00+00|3|0|10|1.8000|0.9000|10|1.1000|1.4000
144|2023-11-12 17:30:00+00|1|1|13|1.6923|1.0769|13|2.0000|1.0769
144|2023-11-12 18:15:00+00|3|0|13|2.3846|1.1538|13|0.7692|2.0000
103|2023-11-12 18:15:00+00|4|0|15|2.1333|1.4000|17|1.5882|1.4118
197|2023-11-12 18:30:00+00|0|2|10|1.1000|1.7000|10|2.6000|0.9000
119|2023-11-12 19:00:00+00|2|0|14|1.2143|1.1429|14|1.0000|1.5000
197|2023-11-12 19:30:00+00|0|1|10|1.1000|1.9000|10|3.1000|0.6000
197|2023-11-24 16:15:00+00|1|1|11|1.0909|1.2727|10|0.9000|2.0000
119|2023-11-24 18:00:00+00|1|1|15|0.5333|2.0000|15|1.0000|1.3333
144|2023-11-24 19:45:00+00|1|1|14|1.2143|1.6429|14|2.0714|0.8571
144|2023-11-25 15:00:00+00|2|0|14|1.1429|1.0000|14|1.2857|2.1429
197|2023-11-25 15:30:00+00|3|1|11|2.5455|0.8182|11|0.6364|1.8182
144|2023-11-25 17:15:00+00|3|2|14|1.0000|1.6429|14|1.2857|1.8571
197|2023-11-25 17:30:00+00|5|0|11|1.9091|0.9091|10|1.4000|1.8000
119|2023-11-25 18:00:00+00|2|1|15|0.9333|1.5333|15|2.1333|1.1333
144|2023-11-25 19:45:00+00|1|0|14|1.0714|1.5000|14|2.0000|1.0000
144|2023-11-26 12:30:00+00|1|1|14|1.6429|1.0714|14|2.4286|1.0714
119|2023-11-26 13:00:00+00|0|0|15|1.6667|0.8667|15|1.2667|1.0667
197|2023-11-26 14:00:00+00|1|3|11|1.0000|1.8182|11|1.0000|1.7273
119|2023-11-26 15:00:00+00|0|1|15|1.2000|2.0000|15|1.2667|1.6000
197|2023-11-26 15:00:00+00|0|1|11|1.0000|1.6364|11|1.9091|0.8182
144|2023-11-26 15:00:00+00|0|1|14|1.4286|2.0714|14|1.8571|1.0714
103|2023-11-26 16:00:00+00|0|2|17|1.6471|1.7059|18|1.2222|1.7778
103|2023-11-26 16:00:00+00|4|4|18|1.5000|1.5556|16|1.5625|1.7500
103|2023-11-26 16:00:00+00|2|1|17|1.7059|1.1765|17|1.1765|1.2941
103|2023-11-26 16:00:00+00|0|4|17|0.8824|2.4706|17|1.7647|1.3529
103|2023-11-26 16:00:00+00|4|2|16|1.6875|0.9375|16|2.6250|1.4375
103|2023-11-26 16:00:00+00|1|3|16|1.6250|1.7500|17|1.0588|1.1765
103|2023-11-26 16:00:00+00|2|1|17|0.7647|1.4706|18|1.8333|2.1111
103|2023-11-26 16:00:00+00|1|3|17|2.2941|2.1176|16|2.2500|1.3125
119|2023-11-26 17:00:00+00|3|3|15|1.0667|1.6000|15|1.7333|0.9333
197|2023-11-26 17:30:00+00|3|3|11|1.0000|1.5455|11|1.0000|1.9091
144|2023-11-26 17:30:00+00|2|1|14|1.9286|1.0714|14|1.2143|1.7857
144|2023-11-26 18:15:00+00|0|3|14|0.7143|2.0714|14|0.9286|1.3571
197|2023-11-26 18:30:00+00|2|0|11|1.4545|1.2727|11|2.9091|0.5455
119|2023-11-27 18:00:00+00|1|4|15|1.6667|0.8667|15|1.6667|1.2000
119|2023-12-01 18:00:00+00|0|0|16|1.1250|1.9375|16|1.0000|1.3125
144|2023-12-01 19:45:00+00|1|3|15|1.3333|1.9333|15|1.9333|1.0667
144|2023-12-02 15:00:00+00|0|0|15|1.2000|1.8000|15|1.1333|1.6667
144|2023-12-02 17:15:00+00|1|1|15|1.2000|2.1333|15|0.6667|2.1333
144|2023-12-02 19:45:00+00|1|0|15|2.0000|0.8667|15|1.3333|2.0000
144|2023-12-03 12:30:00+00|2|2|15|1.8667|1.0000|15|1.6000|1.0667
119|2023-12-03 13:00:00+00|2|0|16|1.1875|1.6875|16|1.6250|1.0625
119|2023-12-03 13:00:00+00|1|1|16|1.2500|1.5000|16|1.5625|0.8125
119|2023-12-03 15:00:00+00|4|0|16|1.8125|1.0625|16|0.5625|1.9375
144|2023-12-03 15:00:00+00|0|2|15|1.0667|1.2667|15|1.2000|1.6000
103|2023-12-03 16:00:00+00|1|5|18|1.8889|1.2778|17|1.5882|1.8235
103|2023-12-03 16:00:00+00|2|0|17|2.5882|1.5882|18|2.2222|2.1667
103|2023-12-03 16:00:00+00|3|0|18|1.1667|1.3333|18|0.8333|1.4444
103|2023-12-03 16:00:00+00|1|1|17|2.2941|1.2941|18|1.5556|1.7222
103|2023-12-03 16:00:00+00|4|1|17|1.7059|1.8824|18|0.8333|2.5556
103|2023-12-03 16:00:00+00|1|0|19|1.7895|2.1053|19|1.6316|1.6842
103|2023-12-03 16:00:00+00|3|0|18|1.1667|1.1667|17|1.8235|1.0000
103|2023-12-03 16:00:00+00|1|1|19|1.2632|1.6842|18|1.7222|1.1667
119|2023-12-03 17:00:00+00|1|2|16|2.0625|1.1875|16|1.1875|1.0000
144|2023-12-03 17:30:00+00|2|0|15|1.8000|1.0000|15|1.0667|1.4000
144|2023-12-03 18:15:00+00|2|1|15|2.3333|1.0667|15|1.2000|0.9333
119|2023-12-04 18:00:00+00|5|1|16|1.8125|1.1875|16|1.0000|1.5000
144|2023-12-08 19:45:00+00|1|2|16|0.6875|2.0625|16|1.3125|2.0000
144|2023-12-09 15:00:00+00|1|3|16|1.1875|1.0000|16|1.9375|0.8125
144|2023-12-09 17:15:00+00|1|1|16|1.2500|1.5000|16|1.2500|1.9375
144|2023-12-09 19:45:00+00|4|0|16|1.6250|1.1250|16|1.1250|1.6875
144|2023-12-10 12:30:00+00|0|0|16|1.0000|1.3125|16|1.8125|0.9375
144|2023-12-10 15:00:00+00|1|3|16|1.1875|2.0625|16|1.8750|1.0625
144|2023-12-10 17:30:00+00|2|2|16|2.0000|1.0625|16|1.0000|1.4375
144|2023-12-10 18:15:00+00|1|3|16|1.0625|1.5625|16|2.3125|1.0625
144|2023-12-15 19:45:00+00|2|0|17|1.3529|1.9412|17|1.1765|2.1176
144|2023-12-16 15:00:00+00|1|2|17|1.2353|1.8824|17|1.1765|1.1176
144|2023-12-16 17:15:00+00|3|0|17|1.0588|1.8235|17|1.2353|1.4706
144|2023-12-16 19:45:00+00|0|0|17|1.0588|1.4706|17|1.0588|1.6471
144|2023-12-17 12:30:00+00|2|0|17|1.7059|0.8824|17|1.7647|1.0588
144|2023-12-17 15:00:00+00|1|0|17|2.3529|1.0588|17|0.9412|1.2353
144|2023-12-17 17:30:00+00|1|1|17|2.0000|0.8235|17|2.0000|1.1176
144|2023-12-17 18:15:00+00|4|0|17|1.9412|1.0588|17|0.7059|2.0588
144|2023-12-20 17:30:00+00|3|0|18|1.2222|1.1111|18|0.6667|2.1667
144|2023-12-20 19:45:00+00|3|0|18|0.8889|1.2222|18|1.0000|1.3889
144|2023-12-21 19:45:00+00|4|0|18|1.6667|1.1111|18|1.2222|1.8889
144|2023-12-22 19:45:00+00|1|6|18|1.1667|1.7222|18|1.7222|0.8333
144|2023-12-23 15:00:00+00|1|2|18|1.1111|2.1111|18|2.2778|1.0000
144|2023-12-23 17:15:00+00|1|0|18|1.1667|1.5556|18|1.0000|1.5556
144|2023-12-23 17:15:00+00|2|2|18|1.9444|0.8333|18|1.3889|1.8333
144|2023-12-23 19:45:00+00|2|1|18|1.9444|1.1111|18|2.0556|1.0000
144|2023-12-26 12:30:00+00|3|0|19|2.0000|1.0526|19|1.9474|0.8947
144|2023-12-26 15:00:00+00|3|0|19|1.1579|2.0000|19|1.1053|2.1053
144|2023-12-26 15:00:00+00|0|2|19|0.6316|2.2105|19|1.7895|1.0526
144|2023-12-26 17:30:00+00|3|0|19|1.4211|1.8421|19|1.1579|1.9474
144|2023-12-26 19:45:00+00|1|1|19|1.9474|0.8421|19|2.2632|1.0000
144|2023-12-27 17:30:00+00|1|1|19|0.9474|1.4737|19|1.1579|1.4737
144|2023-12-27 19:45:00+00|2|0|19|1.9474|1.1053|19|1.3158|1.0526
144|2023-12-27 19:45:00+00|3|1|19|0.9474|1.5263|19|1.0000|1.1579
144|2024-01-19 19:45:00+00|1|2|20|1.8000|1.0000|20|1.0000|1.2500
144|2024-01-20 15:00:00+00|1|1|20|2.0500|1.0000|20|1.2500|1.1000
144|2024-01-20 17:15:00+00|0|1|20|0.9500|1.4500|20|0.6000|2.2000
144|2024-01-20 19:45:00+00|3|0|20|1.9000|0.8500|20|1.5000|1.7500
144|2024-01-21 12:30:00+00|4|1|20|1.8500|1.0000|20|1.0500|1.5000
144|2024-01-21 15:00:00+00|2|1|20|2.2000|1.0000|20|1.1500|1.4500
144|2024-01-21 17:30:00+00|1|1|20|1.2500|1.9000|20|1.9500|1.0500
144|2024-01-24 14:00:00+00|0|1|20|1.1000|2.0000|20|1.0500|2.1500
144|2024-01-26 19:45:00+00|1|1|21|1.2381|1.0952|21|0.9048|1.4286
144|2024-01-27 15:00:00+00|0|0|21|0.6190|2.0952|21|1.2381|1.8571
144|2024-01-27 19:45:00+00|2|2|21|1.7619|1.0476|21|1.4286|1.8095
144|2024-01-27 19:45:00+00|1|4|21|1.0476|1.6190|21|1.9524|0.8095
144|2024-01-28 13:00:00+00|1|1|21|1.1429|1.4762|21|2.0000|1.0000
144|2024-01-28 15:00:00+00|1|0|21|1.0476|2.0476|21|1.9524|1.0000
144|2024-01-28 17:30:00+00|2|2|21|1.9048|1.0476|21|2.1905|1.0000
144|2024-01-28 18:15:00+00|3|1|21|1.0476|1.2381|21|1.0476|1.9524
144|2024-01-30 19:30:00+00|4|2|22|1.4545|1.8182|22|1.2273|1.0909
144|2024-01-30 19:30:00+00|3|3|22|2.0455|0.8182|22|0.5909|2.0000
144|2024-01-31 17:45:00+00|2|1|22|1.1818|1.7727|22|1.9545|1.0000
144|2024-01-31 17:45:00+00|1|0|22|1.0455|1.7273|22|1.0455|1.9545
144|2024-01-31 20:00:00+00|0|1|22|0.9091|1.4091|22|1.8636|1.0000
144|2024-01-31 20:00:00+00|3|2|22|2.1818|1.0455|22|1.0455|2.0000
144|2024-02-01 19:30:00+00|4|1|22|1.1364|1.4545|22|1.7727|1.0909
144|2024-02-01 19:30:00+00|2|2|22|1.1364|1.2273|22|1.9091|1.0909
144|2024-02-03 15:00:00+00|2|2|23|1.0870|2.0435|23|0.8696|1.3913
144|2024-02-03 17:15:00+00|0|3|23|1.5652|1.8261|23|1.2174|1.7391
144|2024-02-03 17:15:00+00|1|0|23|0.6957|2.0435|23|1.0435|1.6522
144|2024-02-03 19:45:00+00|0|1|23|1.9130|1.0435|23|2.2174|1.0870
144|2024-02-04 12:30:00+00|2|1|23|1.8261|0.9565|23|2.0870|0.9130
144|2024-02-04 15:00:00+00|0|1|23|1.0000|1.9130|23|1.1739|1.2609
144|2024-02-04 17:30:00+00|1|0|23|1.9130|1.1304|23|1.7391|1.2174
144|2024-02-04 18:15:00+00|4|1|23|1.2609|1.2174|23|1.2609|1.4348
144|2024-02-09 19:45:00+00|1|0|24|1.2500|1.5417|24|0.7083|1.9583
144|2024-02-10 15:00:00+00|1|0|24|0.9167|1.4167|24|1.2917|1.6667
144|2024-02-10 17:15:00+00|2|2|24|2.1667|1.0417|24|1.5000|1.8750
144|2024-02-10 19:45:00+00|4|0|24|2.0417|0.9583|24|0.9583|1.8750
144|2024-02-11 12:30:00+00|0|4|24|1.1250|2.0417|24|1.8333|0.9583
144|2024-02-11 15:00:00+00|1|1|24|1.1667|1.2083|24|1.8333|1.0417
144|2024-02-11 17:30:00+00|1|3|24|1.0000|1.6250|24|1.8750|1.0833
144|2024-02-11 18:15:00+00|1|2|24|1.6667|1.2083|24|1.3750|1.2083
119|2024-02-16 18:00:00+00|1|2|17|1.0000|1.7059|17|1.2353|1.4706
144|2024-02-16 19:45:00+00|2|1|25|1.5200|1.8800|25|0.9200|1.3600
144|2024-02-17 15:00:00+00|3|1|25|1.8000|1.0400|25|1.0800|2.1200
144|2024-02-17 17:15:00+00|0|0|25|1.2400|1.6400|25|1.0000|1.6800
144|2024-02-17 19:45:00+00|0|1|25|1.9200|0.9200|25|1.1600|1.2000
144|2024-02-18 12:30:00+00|1|1|25|1.4000|1.2000|25|2.1200|0.9200
119|2024-02-18 13:00:00+00|1|3|17|0.5294|2.0588|17|1.0588|1.8235
119|2024-02-18 13:00:00+00|3|2|17|1.5294|0.8235|17|1.2353|1.5882
119|2024-02-18 15:00:00+00|0|3|17|1.5294|1.1176|17|2.0000|1.2353
144|2024-02-18 15:00:00+00|1|3|25|0.6800|1.9200|25|2.1600|1.0800
119|2024-02-18 17:00:00+00|1|0|17|1.9412|1.0000|17|2.0000|1.1765
144|2024-02-18 17:30:00+00|4|1|25|1.9200|1.0800|25|1.2400|1.4800
144|2024-02-18 18:15:00+00|0|2|25|0.9200|1.9600|25|1.6400|1.2400
119|2024-02-19 18:00:00+00|0|0|17|0.9412|1.2353|17|1.2353|1.0000
119|2024-02-23 18:00:00+00|1|0|18|1.1667|1.7778|18|1.2778|1.6667
144|2024-02-23 19:45:00+00|0|1|26|0.9615|1.6154|26|1.8462|1.0385
144|2024-02-24 15:00:00+00|1|1|26|1.0769|2.1538|26|1.1923|1.5769
144|2024-02-24 17:15:00+00|1|0|26|1.2308|1.5769|26|1.5385|1.8462
144|2024-02-24 19:45:00+00|3|0|26|1.1538|1.1538|26|0.6923|1.9615
144|2024-02-25 12:30:00+00|1|2|26|2.0769|0.9231|26|2.0000|1.0769
119|2024-02-25 13:00:00+00|2|0|18|0.8889|1.1667|18|1.4444|1.2222
119|2024-02-25 13:00:00+00|2|2|18|0.5556|2.1111|18|1.0000|1.7222
144|2024-02-25 15:00:00+00|2|2|26|1.6538|1.1923|26|1.8462|0.9231
119|2024-02-25 15:00:00+00|0|3|18|1.2778|1.4444|18|1.8889|0.9444
119|2024-02-25 17:00:00+00|2|3|18|1.1667|0.9444|18|1.8889|1.1667
144|2024-02-25 17:30:00+00|2|1|26|2.1923|1.0769|26|0.9231|1.3846
144|2024-02-25 18:15:00+00|0|2|26|0.8846|1.9615|26|1.3846|1.1923
119|2024-02-26 18:00:00+00|2|0|18|2.0556|1.1667|18|1.6111|0.8889
119|2024-03-01 18:00:00+00|2|0|19|1.9474|1.2105|19|2.0526|1.1053
144|2024-03-01 19:45:00+00|0|1|27|1.4815|1.8148|27|0.9259|1.5926
144|2024-03-02 15:00:00+00|2|3|27|1.4074|1.1481|27|1.2222|1.1111
144|2024-03-02 17:15:00+00|0|2|27|1.1852|1.5556|27|2.1852|1.0741
144|2024-03-02 19:45:00+00|4|2|27|0.9259|1.4074|27|1.6667|1.2222
144|2024-03-03 12:30:00+00|0|3|27|1.8148|1.0000|27|2.0370|0.9630
119|2024-03-03 13:00:00+00|3|0|19|1.0526|1.7368|19|1.1579|1.6842
119|2024-03-03 13:00:00+00|2|4|19|1.2105|1.6316|19|0.6316|2.1053
119|2024-03-03 15:00:00+00|1|1|19|1.9474|0.8947|19|0.9474|1.1053
144|2024-03-03 15:00:00+00|3|0|27|1.8519|0.9630|27|1.2222|1.5185
119|2024-03-03 17:00:00+00|1|1|19|1.2105|1.0526|19|1.2105|1.5263
144|2024-03-03 17:30:00+00|1|0|27|2.0000|1.0741|27|0.8519|1.9630
144|2024-03-03 18:15:00+00|3|2|27|0.6667|2.0000|27|1.0741|2.1111
119|2024-03-04 18:00:00+00|3|1|19|1.5263|0.9474|19|1.3684|1.2632
119|2024-03-08 18:00:00+00|1|2|20|0.8000|2.1000|20|1.6000|0.9500
144|2024-03-08 19:45:00+00|3|1|28|1.2857|1.1429|28|1.4286|1.7857
144|2024-03-09 15:00:00+00|0|1|28|0.7500|2.0000|28|1.8929|0.9286
144|2024-03-09 17:15:00+00|0|0|28|0.9286|1.5357|28|1.4286|1.2143
144|2024-03-09 19:45:00+00|0|3|28|1.1071|2.1429|28|1.9643|1.0357
144|2024-03-10 12:30:00+00|1|0|28|1.7500|1.0714|28|1.0357|1.4286
119|2024-03-10 13:00:00+00|0|1|20|1.3500|1.3500|20|1.2000|1.0500
119|2024-03-10 13:00:00+00|0|1|20|0.9500|1.1000|20|1.2000|1.5000
144|2024-03-10 15:00:00+00|3|1|28|2.0714|0.9286|28|1.1429|1.5714
119|2024-03-10 15:00:00+00|4|0|20|1.9500|1.1500|20|1.2500|1.7500
119|2024-03-10 17:00:00+00|1|2|20|1.1500|1.6500|20|1.9000|0.9000
144|2024-03-10 17:30:00+00|1|1|28|2.1786|1.0357|28|1.6786|1.3214
144|2024-03-10 18:15:00+00|1|0|28|0.8214|1.9286|28|1.1786|1.5714
119|2024-03-11 18:00:00+00|0|1|20|1.1000|1.7500|20|1.9500|1.1500
144|2024-03-16 17:15:00+00|4|0|29|1.0000|1.4138|29|0.8276|1.8621
144|2024-03-16 19:45:00+00|0|1|29|2.0000|1.0000|29|0.7241|1.9655
144|2024-03-17 12:30:00+00|2|1|29|1.1379|1.5517|29|2.1034|0.9310
144|2024-03-17 15:00:00+00|1|1|29|1.8621|0.8966|29|2.1379|1.0345
119|2024-03-17 16:00:00+00|4|1|21|1.9048|0.9048|21|1.2857|1.3333
119|2024-03-17 16:00:00+00|1|1|21|1.6190|0.9524|21|1.0476|1.7143
119|2024-03-17 16:00:00+00|1|0|21|1.1905|1.0000|21|0.8095|2.0952
119|2024-03-17 16:00:00+00|2|0|21|1.1905|1.8571|21|1.1429|1.6667
119|2024-03-17 16:00:00+00|3|0|21|1.9048|1.0952|21|0.9048|1.0952
119|2024-03-17 16:00:00+00|0|2|21|1.1905|1.4286|21|2.0476|1.0952
144|2024-03-17 17:30:00+00|1|1|29|1.4138|1.8276|29|1.7241|1.0345
144|2024-03-17 17:30:00+00|1|0|29|1.1379|1.6207|29|1.3448|1.1379
144|2024-03-17 17:30:00+00|5|0|29|1.6552|1.3103|29|0.8966|1.4828
144|2024-03-17 17:30:00+00|4|0|29|1.3793|1.1724|29|1.0690|2.1724
144|2024-03-29 19:45:00+00|5|1|30|1.7667|1.2667|30|1.1000|1.3667
144|2024-03-30 17:15:00+00|2|3|30|1.1333|1.5667|30|1.3000|1.1333
144|2024-03-30 19:45:00+00|1|0|30|1.9333|1.0000|30|1.8333|0.9000
119|2024-03-31 12:00:00+00|6|2|22|1.0455|1.6818|22|1.2273|1.7727
119|2024-03-31 14:00:00+00|3|1|22|1.0909|1.6818|22|0.7727|2.0455
103|2024-03-31 16:00:00+00|1|2|18|1.8333|1.8333|19|1.2632|1.2632
144|2024-03-31 16:30:00+00|2|0|30|1.1667|1.5333|30|1.4000|1.8000
144|2024-04-01 11:30:00+00|1|1|30|1.4667|1.1333|30|2.0667|0.9667
119|2024-04-01 12:00:00+00|1|2|22|2.0455|1.0455|22|2.0000|0.9091
119|2024-04-01 14:00:00+00|2|3|22|1.9545|1.0455|22|1.5909|0.9545
103|2024-04-01 15:00:00+00|2|0|18|1.7778|1.7778|20|1.7500|2.0000
103|2024-04-01 15:00:00+00|2|4|19|1.6842|1.1579|18|1.7222|1.1111
103|2024-04-01 15:00:00+00|4|0|18|2.2222|1.2778|19|1.2632|1.1053
119|2024-04-01 16:00:00+00|2|2|22|1.2727|1.4545|22|1.1818|0.9545
144|2024-04-01 16:30:00+00|1|0|30|1.7000|1.0333|30|2.1000|1.0333
103|2024-04-01 17:15:00+00|1|0|19|1.8421|1.4737|19|2.1053|2.1579
119|2024-04-02 17:00:00+00|0|1|22|1.1364|1.4545|22|0.8636|1.1818
119|2024-04-05 17:00:00+00|0|0|23|1.2609|1.9565|23|1.0870|1.4348
144|2024-04-05 18:45:00+00|2|3|31|1.3548|1.1613|31|1.1935|1.4839
144|2024-04-06 14:00:00+00|0|0|30|0.8667|1.6000|30|1.0333|2.2333
103|2024-04-06 16:00:00+00|1|0|19|2.5263|1.4211|20|1.8000|1.4000
144|2024-04-06 16:15:00+00|0|0|31|1.0968|1.4839|31|1.1613|1.6129
144|2024-04-06 18:45:00+00|0|1|31|1.7742|0.9032|31|1.6774|1.0000
144|2024-04-07 11:30:00+00|2|3|31|2.0323|1.0323|31|1.4516|1.1290
119|2024-04-07 12:00:00+00|1|3|23|0.7826|2.0870|23|1.2609|1.6957
119|2024-04-07 12:00:00+00|1|1|23|0.8696|1.1304|23|1.1739|1.6522
144|2024-04-07 14:00:00+00|1|1|30|0.8000|1.9333|30|0.7333|1.9000
119|2024-04-07 14:00:00+00|2|1|23|1.6522|1.0000|23|2.0000|1.0870
103|2024-04-07 15:00:00+00|0|1|20|1.5000|1.6500|19|2.3158|1.2105
103|2024-04-07 15:00:00+00|1|0|20|1.2000|1.2500|19|1.7895|1.6842
103|2024-04-07 15:00:00+00|0|1|20|2.0000|2.1000|19|1.7895|1.8421
103|2024-04-07 15:00:00+00|0|2|20|1.3000|1.2500|21|1.5714|1.7143
119|2024-04-07 16:00:00+00|0|1|23|1.2174|1.0000|23|1.9565|1.1304
144|2024-04-07 16:30:00+00|3|1|31|2.0323|0.9677|31|1.9032|0.9677
144|2024-04-07 17:15:00+00|0|3|31|1.3548|1.8065|31|1.8710|1.2581
119|2024-04-08 17:00:00+00|1|1|23|2.0000|0.9130|23|1.3043|1.4783
119|2024-04-12 17:00:00+00|1|3|24|1.0417|1.3750|24|1.1667|1.6250
144|2024-04-12 18:45:00+00|3|3|32|1.2500|1.5000|32|1.0625|1.4375
144|2024-04-13 14:00:00+00|3|1|31|1.0000|2.1613|31|0.8065|1.9032
144|2024-04-13 16:15:00+00|3|2|32|1.3750|1.2188|32|1.3125|1.8438
144|2024-04-13 18:45:00+00|1|1|32|1.6563|0.9688|32|1.5000|1.1563
144|2024-04-14 11:30:00+00|3|0|32|2.0625|0.9688|32|1.7188|0.9063
119|2024-04-14 12:00:00+00|1|2|24|0.8750|1.1250|24|1.3333|1.6667
119|2024-04-14 12:00:00+00|1|1|24|1.2083|1.8750|24|0.7917|2.1250
103|2024-04-14 12:30:00+00|1|1|21|1.7143|1.3810|20|1.7500|1.2000
119|2024-04-14 14:00:00+00|2|2|24|1.1667|1.0000|24|1.9583|0.9167
144|2024-04-14 14:00:00+00|1|2|31|0.7419|1.8710|31|0.8387|1.5484
103|2024-04-14 15:00:00+00|0|1|20|1.7000|1.3000|21|1.2381|1.2857
103|2024-04-14 15:00:00+00|1|0|20|1.7000|1.6500|21|1.4286|1.6190
103|2024-04-14 15:00:00+00|2|2|20|1.7500|1.7500|21|1.6667|2.0000
119|2024-04-14 16:00:00+00|2|2|24|1.9167|1.0833|24|1.9583|1.1250
144|2024-04-14 16:30:00+00|2|1|32|1.8750|1.0313|32|2.0313|1.0938
103|2024-04-14 17:15:00+00|0|5|22|1.5909|1.6364|20|2.4500|1.3500
144|2024-04-14 17:15:00+00|2|1|32|1.1250|1.5625|32|1.9063|1.2188
119|2024-04-15 17:00:00+00|0|1|24|1.2917|1.4583|24|1.6667|1.0000
103|2024-04-17 16:00:00+00|1|2|21|2.2381|1.0952|21|1.7619|1.7619
103|2024-04-17 16:00:00+00|1|0|21|1.7143|1.1905|22|1.3636|1.5909
119|2024-04-19 17:00:00+00|2|2|25|1.3600|1.6400|25|1.0400|1.4400
144|2024-04-20 14:00:00+00|1|0|33|1.1515|1.5455|33|1.3030|1.5455
144|2024-04-20 16:15:00+00|3|3|33|1.3333|1.8788|33|1.1212|1.4848
144|2024-04-20 18:00:00+00|3|1|33|1.8788|1.2424|33|1.4242|1.2424
144|2024-04-20 18:45:00+00|2|1|33|1.6364|0.9697|33|1.8788|1.0303
144|2024-04-21 11:30:00+00|0|1|33|1.4848|1.1515|33|1.6667|0.9697
119|2024-04-21 12:00:00+00|2|1|25|0.8000|2.0800|25|0.8800|1.1600
119|2024-04-21 12:00:00+00|2|1|25|1.2400|1.6000|25|1.2000|1.8400
103|2024-04-21 12:30:00+00|0|1|23|1.3043|1.5652|22|1.2727|1.1818
144|2024-04-21 14:00:00+00|2|4|32|0.7500|1.8750|32|1.0625|2.1250
119|2024-04-21 14:00:00+00|2|0|25|1.9600|1.1600|25|1.2400|1.4400
103|2024-04-21 15:00:00+00|0|1|22|1.6818|2.0000|23|1.5217|1.7826
103|2024-04-21 15:00:00+00|2|0|22|1.6818|1.1364|22|1.7727|1.7273
103|2024-04-21 15:00:00+00|1|3|22|1.2273|1.2273|21|1.6667|1.5714
119|2024-04-21 16:00:00+00|2|1|25|1.9600|0.9600|25|1.9200|1.1200
144|2024-04-21 16:30:00+00|1|2|33|2.0000|1.1212|33|2.0909|0.9394
144|2024-04-21 17:15:00+00|1|0|32|0.8750|1.5313|32|0.8125|1.9375
103|2024-04-21 17:15:00+00|1|1|21|2.5714|1.2857|22|2.1818|1.1364
119|2024-04-22 17:00:00+00|7|2|25|1.6400|0.9600|25|1.2000|1.0400
144|2024-04-23 18:30:00+00|0|0|34|1.1765|1.5294|34|1.4118|1.2941
144|2024-04-23 18:30:00+00|0|2|34|1.2647|1.5294|34|1.9118|1.2353
144|2024-04-23 18:30:00+00|1|1|34|1.3824|1.9118|34|1.1471|1.5000
144|2024-04-24 18:30:00+00|4|0|34|2.0882|0.9412|34|1.6471|0.9706
144|2024-04-24 18:30:00+00|3|0|34|1.8529|1.0588|34|1.4412|1.1471
144|2024-04-25 18:30:00+00|0|3|34|1.6471|0.9412|34|1.9706|1.1471
119|2024-04-26 17:00:00+00|1|1|26|1.1923|1.8462|26|0.8846|1.1923
144|2024-04-26 18:45:00+00|1|2|33|0.7879|1.9091|33|0.8788|1.4848
144|2024-04-27 14:00:00+00|3|0|35|1.3714|1.2571|35|1.1429|1.4857
103|2024-04-27 16:00:00+00|1|3|22|1.7273|1.5455|22|2.5000|1.2727
144|2024-04-27 16:15:00+00|1|1|35|1.1429|1.4857|35|1.2286|1.5429
144|2024-04-27 18:45:00+00|3|2|35|1.9143|1.2000|35|1.3714|1.8857
144|2024-04-28 11:30:00+00|0|3|35|1.6000|1.0571|35|2.1429|0.9143
119|2024-04-28 12:00:00+00|1|2|26|1.0769|1.4615|26|0.8462|2.0385
119|2024-04-28 12:00:00+00|0|0|26|1.2692|1.5769|26|1.3846|1.6538
119|2024-04-28 14:00:00+00|1|1|26|1.8462|1.0000|26|1.9615|0.9615
197|2024-04-28 14:00:00+00|4|1|12|2.5833|0.8333|12|1.1667|1.6667
144|2024-04-28 14:00:00+00|1|1|35|1.4000|1.2000|35|1.8857|1.0286
103|2024-04-28 15:00:00+00|2|1|23|2.1304|1.1304|23|1.2174|1.3043
103|2024-04-28 15:00:00+00|0|3|22|1.5455|1.2727|23|1.8261|2.0435
103|2024-04-28 15:00:00+00|1|1|24|1.5000|1.7083|24|1.2500|1.5417
119|2024-04-28 16:00:00+00|3|2|26|1.9615|1.1154|26|1.2308|1.2692
144|2024-04-28 16:30:00+00|4|1|35|2.0000|1.1143|35|1.6000|1.0000
197|2024-04-28 16:30:00+00|3|2|12|2.1667|0.8333|12|1.8333|0.7500
103|2024-04-28 17:15:00+00|3|3|23|1.6957|1.7391|23|1.6522|1.3478
144|2024-04-28 17:15:00+00|0|1|33|1.1515|2.1212|33|0.7879|1.9394
197|2024-04-28 17:30:00+00|0|1|12|2.6667|0.6667|12|1.5000|1.1667
119|2024-04-29 17:00:00+00|3|0|26|1.1923|1.4615|26|1.8846|1.1538
119|2024-05-03 17:00:00+00|1|3|27|1.2593|1.3333|27|1.8148|1.0000
144|2024-05-03 18:45:00+00|2|2|36|1.3889|1.9167|36|1.2222|1.5278
144|2024-05-04 14:00:00+00|1|3|34|1.1176|2.0882|34|0.9118|1.4706
103|2024-05-04 16:00:00+00|3|0|24|1.6250|1.0417|23|1.6957|1.6087
144|2024-05-04 16:15:00+00|2|4|36|1.4167|1.2222|36|1.9444|1.2222
144|2024-05-04 18:45:00+00|4|1|36|1.3889|1.1944|36|1.5556|1.1111
144|2024-05-05 11:30:00+00|1|2|36|1.5833|1.0833|36|2.1667|0.8889
119|2024-05-05 12:00:00+00|0|1|27|0.8889|2.0000|27|1.2222|1.5185
119|2024-05-05 12:00:00+00|2|1|27|1.1852|1.8148|27|1.3333|1.5926
119|2024-05-05 14:00:00+00|0|3|27|1.2593|1.4074|27|2.0000|1.1481
144|2024-05-05 14:00:00+00|3|1|36|1.1111|1.5278|36|1.1389|1.4722
103|2024-05-05 15:00:00+00|3|1|24|1.5417|1.9167|24|2.1250|1.1250
103|2024-05-05 15:00:00+00|0|1|24|1.2083|1.3333|5|1.0000|1.0000
103|2024-05-05 15:00:00+00|1|1|5|1.4000|1.4000|25|1.2400|1.5200
103|2024-05-05 15:00:00+00|1|0|23|2.5217|1.2609|24|1.2917|1.1667
103|2024-05-05 15:00:00+00|1|0|24|1.8750|1.9583|25|1.4800|1.6800
103|2024-05-05 15:00:00+00|0|2|24|1.7500|1.7917|5|1.2000|1.0000
119|2024-05-05 16:00:00+00|3|2|27|1.8148|1.2222|27|1.9259|0.9630
144|2024-05-05 16:30:00+00|0|0|36|2.0556|1.1111|36|1.8611|1.0278
144|2024-05-05 17:15:00+00|1|0|34|0.7941|1.8824|34|0.7941|1.9118
103|2024-05-05 17:15:00+00|2|1|24|1.7083|1.4167|23|1.4783|1.3478
119|2024-05-06 17:00:00+00|3|2|27|0.8889|1.1852|27|1.0741|1.4815
119|2024-05-10 17:00:00+00|1|2|28|1.1071|1.5357|28|1.2143|1.7857
144|2024-05-10 18:45:00+00|0|5|37|1.1351|1.5135|37|1.4054|1.9189
103|2024-05-11 16:00:00+00|2|2|25|2.0800|1.2000|24|1.6250|1.6667
144|2024-05-11 16:15:00+00|2|0|35|0.7714|1.8857|35|1.1143|2.1143
144|2024-05-11 16:15:00+00|3|1|35|0.9714|1.4571|35|0.8000|1.8286
197|2024-05-11 17:00:00+00|2|0|11|1.2727|2.0909|12|1.0000|1.9167
197|2024-05-11 17:00:00+00|1|1|12|0.9167|1.5833|11|0.9091|1.9091
197|2024-05-11 17:00:00+00|0|1|12|1.1667|2.0000|12|1.1667|1.6667
197|2024-05-11 17:00:00+00|1|2|12|1.0833|1.2500|12|0.6667|1.9167
144|2024-05-11 18:45:00+00|2|1|37|1.8108|1.0000|37|1.5405|1.1892
144|2024-05-12 11:30:00+00|0|1|37|2.0000|1.2432|37|1.1622|1.5135
119|2024-05-12 12:00:00+00|2|2|28|1.3214|1.6071|28|0.8571|1.9643
119|2024-05-12 12:00:00+00|1|2|28|1.2143|1.4643|28|0.9643|1.2143
103|2024-05-12 12:30:00+00|2|4|6|1.3333|1.3333|24|2.4583|1.2083
119|2024-05-12 14:00:00+00|1|3|28|1.9286|1.0357|28|2.0357|1.1071
144|2024-05-12 14:00:00+00|2|1|37|1.2432|1.5405|37|1.4324|1.2973
103|2024-05-12 15:00:00+00|0|1|25|1.2400|1.1600|25|1.7200|1.4000
103|2024-05-12 15:00:00+00|1|4|6|1.0000|0.8333|6|1.3333|0.8333
103|2024-05-12 15:00:00+00|4|0|24|1.4583|1.3750|25|1.6800|1.8000
103|2024-05-12 15:00:00+00|4|1|25|1.6000|1.8800|25|1.8400|1.8800
103|2024-05-12 15:00:00+00|2|2|26|1.2308|1.5000|25|1.1600|1.3200
119|2024-05-12 16:00:00+00|2|1|28|1.8571|1.2500|28|1.2500|1.3929
144|2024-05-12 16:30:00+00|1|2|37|1.5676|1.1081|37|1.4595|1.1892
197|2024-05-12 17:00:00+00|2|0|13|2.2308|0.9231|13|2.6923|0.8462
103|2024-05-12 17:15:00+00|0|2|26|1.4231|1.6538|25|1.6800|1.0000
119|2024-05-12 18:00:00+00|4|1|28|1.8571|1.0000|28|1.2143|1.4643
144|2024-05-13 18:30:00+00|2|2|37|2.1622|0.8919|37|2.0000|1.0811
197|2024-05-15 15:00:00+00|2|4|13|1.1538|1.8462|13|1.4615|1.0769
119|2024-05-15 16:00:00+00|1|0|29|1.0000|1.2069|29|1.2414|1.7586
119|2024-05-15 16:00:00+00|1|0|29|1.3448|1.6207|29|1.2069|1.4828
197|2024-05-15 17:00:00+00|4|1|14|2.2143|0.8571|13|2.4615|0.6923
197|2024-05-15 17:00:00+00|2|0|14|2.5000|0.9286|13|1.8462|0.9231
119|2024-05-15 18:00:00+00|1|0|29|1.8966|1.1034|29|1.9310|1.0000
103|2024-05-16 16:00:00+00|1|4|26|1.6923|1.3462|27|1.3704|1.6667
103|2024-05-16 16:00:00+00|0|4|26|1.6154|1.8846|26|2.0769|1.2308
103|2024-05-16 16:00:00+00|1|3|25|1.6400|1.6800|7|1.0000|1.2857
119|2024-05-16 16:00:00+00|0|1|29|1.2414|1.4138|29|1.2069|1.5517
103|2024-05-16 16:00:00+00|4|1|7|1.7143|0.8571|26|1.1923|1.1538
119|2024-05-16 16:00:00+00|1|2|29|0.8966|1.9655|29|1.1034|1.5517
103|2024-05-16 16:00:00+00|1|7|26|1.8077|1.9615|27|1.2593|1.5185
103|2024-05-16 16:00:00+00|1|0|26|1.1923|1.3462|7|1.4286|1.7143
103|2024-05-16 16:00:00+00|4|0|25|2.5200|1.2400|25|1.5600|1.3200
103|2024-05-16 16:00:00+00|2|1|26|1.6923|0.9615|26|1.6923|1.8462
119|2024-05-16 18:00:00+00|1|2|29|2.0690|1.1034|29|1.8621|1.2414
144|2024-05-17 18:45:00+00|1|1|38|1.2632|1.5263|38|1.1579|1.4737
144|2024-05-18 16:15:00+00|0|2|38|1.5000|1.8684|38|1.4211|1.3158
144|2024-05-18 18:45:00+00|1|4|38|1.1053|1.6053|38|1.9474|1.2368
144|2024-05-19 11:30:00+00|1|2|38|1.4737|1.1842|38|2.0000|1.1053
119|2024-05-19 12:00:00+00|2|0|30|1.1333|1.5333|30|1.3333|1.5667
144|2024-05-19 16:30:00+00|0|1|38|1.8158|1.0000|38|2.1579|0.9211
197|2024-05-19 17:00:00+00|3|0|14|1.7143|1.0000|14|1.2143|2.0000
197|2024-05-19 17:00:00+00|2|2|14|2.3571|0.9286|15|2.4667|0.8667
197|2024-05-19 17:00:00+00|1|2|14|1.6429|1.1429|15|2.3333|0.8667
119|2024-05-20 12:00:00+00|3|1|30|1.2000|1.7333|30|1.1667|1.4667
119|2024-05-20 12:00:00+00|2|0|30|1.0000|1.1667|30|0.9000|1.9667
119|2024-05-20 14:00:00+00|0|2|30|1.2000|1.5000|30|1.8667|1.0667
103|2024-05-20 15:00:00+00|1|0|28|1.4643|1.5000|26|2.5769|1.1923
103|2024-05-20 15:00:00+00|2|0|27|1.1852|1.2593|27|1.1852|1.2963
103|2024-05-20 15:00:00+00|0|0|8|1.2500|1.2500|27|1.5556|1.9630
103|2024-05-20 15:00:00+00|2|4|27|2.1481|1.1852|27|1.7778|2.1481
103|2024-05-20 15:00:00+00|2|2|8|1.2500|1.6250|27|1.7037|0.9630
103|2024-05-20 15:00:00+00|0|3|27|1.6667|1.8519|27|1.6667|1.4444
103|2024-05-20 15:00:00+00|0|3|28|1.4643|1.6429|8|2.0000|0.8750
119|2024-05-20 16:00:00+00|3|3|30|1.8667|1.0000|30|1.8667|1.2333
144|2024-05-20 16:30:00+00|1|0|38|1.5263|1.2105|38|1.5526|1.1316
103|2024-05-20 17:15:00+00|3|2|26|1.5000|1.4231|26|1.6154|1.7308
119|2024-05-21 17:00:00+00|3|2|30|1.2000|1.4000|30|2.0333|1.1333
103|2024-05-24 17:00:00+00|2|2|27|2.4815|1.1852|9|1.1111|1.1111
119|2024-05-25 13:00:00+00|0|0|31|0.8710|1.9677|31|1.2581|1.7097
119|2024-05-25 13:00:00+00|1|0|31|1.2903|1.5806|31|1.0323|1.1290
119|2024-05-25 13:00:00+00|2|1|31|1.1613|1.5161|31|1.1613|1.4839
103|2024-05-25 16:00:00+00|0|0|9|2.1111|0.7778|27|1.5556|1.4444
144|2024-05-25 18:30:00+00|1|2|39|1.1538|1.4615|39|1.4615|1.8718
144|2024-05-25 18:30:00+00|3|2|39|1.4359|1.2821|39|1.1026|1.6667
144|2024-05-25 18:30:00+00|2|0|39|2.0000|1.2308|39|1.2564|1.5128
103|2024-05-26 15:00:00+00|1|3|28|1.8571|2.1429|28|1.2143|1.2143
103|2024-05-26 15:00:00+00|2|1|27|1.6296|1.7778|9|1.3333|1.6667
119|2024-05-26 15:00:00+00|3|3|31|1.9032|1.2903|31|1.1613|1.5161
119|2024-05-26 15:00:00+00|1|1|31|2.0323|1.1935|31|1.9032|1.0645
103|2024-05-26 15:00:00+00|2|1|28|1.1429|1.3214|28|1.6071|1.8929
119|2024-05-26 15:00:00+00|2|3|31|1.8710|1.0323|31|1.2581|1.4194
103|2024-05-26 15:00:00+00|3|0|28|1.7143|1.3929|29|1.4483|1.4483
103|2024-05-26 15:00:00+00|2|1|28|1.5000|1.8929|29|1.4138|1.6897
144|2024-05-26 16:30:00+00|0|0|39|2.1282|0.8974|39|1.4615|1.2051
144|2024-05-26 16:30:00+00|2|0|39|2.0000|1.1026|39|1.5128|1.1795
144|2024-05-26 16:30:00+00|3|1|39|1.5128|1.1282|39|1.7692|1.0000
103|2024-05-26 17:15:00+00|1|3|28|1.7143|1.0000|28|2.1429|1.2857
103|2024-05-29 17:00:00+00|1|1|28|2.4643|1.2143|29|1.5862|1.8966
103|2024-05-29 17:00:00+00|2|1|29|1.6897|1.0690|10|1.3000|1.7000
103|2024-05-29 17:00:00+00|3|0|28|1.5000|1.3929|10|1.9000|0.7000
119|2024-05-31 17:00:00+00|2|1|32|2.0000|1.1875|32|1.2813|1.5313
103|2024-06-01 16:00:00+00|1|2|30|1.4000|1.5000|30|1.7000|1.0667
144|2024-06-02 11:30:00+00|0|1|40|1.4750|1.2000|40|2.0000|1.2000
103|2024-06-02 12:30:00+00|2|2|29|2.1724|1.2759|29|1.7586|1.3448
103|2024-06-02 15:00:00+00|3|1|11|1.2727|1.7273|29|1.8276|2.1724
103|2024-06-02 15:00:00+00|3|3|10|1.2000|1.2000|30|1.5667|1.8667
103|2024-06-02 15:00:00+00|0|1|29|1.1724|1.3103|29|2.4138|1.2069
103|2024-06-02 15:00:00+00|1|1|29|1.2759|1.2069|29|1.5172|1.8621
103|2024-06-02 15:00:00+00|1|2|29|1.5517|1.3448|30|1.4000|1.7000
103|2024-06-02 17:15:00+00|1|1|28|1.6429|1.7500|11|1.7273|0.9091
103|2024-06-27 17:00:00+00|1|2|31|1.6129|1.9032|31|1.3871|1.5161
103|2024-06-27 19:15:00+00|2|1|31|1.4194|1.6774|11|1.3636|1.3636
103|2024-06-28 17:00:00+00|1|1|30|1.5000|1.8333|12|1.4167|1.6667
103|2024-06-28 17:00:00+00|0|0|31|1.7097|1.0645|30|1.2667|1.2000
103|2024-06-28 17:00:00+00|1|2|30|1.8000|2.2000|30|2.3667|1.1667
103|2024-06-28 19:15:00+00|0|2|30|1.5333|1.3667|30|2.1667|1.3000
103|2024-06-30 13:00:00+00|4|2|30|1.7667|1.3667|29|1.6207|1.7241
103|2024-07-03 17:00:00+00|1|2|32|1.5938|1.9063|31|1.4839|1.3871
103|2024-07-07 12:30:00+00|5|1|31|2.3548|1.1613|32|1.6563|1.0313
103|2024-07-07 15:00:00+00|1|2|30|1.1333|1.3000|31|1.7742|2.1935
103|2024-07-07 15:00:00+00|3|0|31|2.1613|1.2581|32|1.4375|1.6563
103|2024-07-07 15:00:00+00|0|0|32|1.4063|1.5000|32|1.5000|1.3750
103|2024-07-07 15:00:00+00|1|2|12|1.3333|1.4167|31|1.8387|1.3871
103|2024-07-07 17:15:00+00|2|1|30|1.6333|1.8000|31|1.4839|1.8065
103|2024-07-08 17:00:00+00|3|1|13|1.3846|1.6154|12|1.6667|0.9167
103|2024-07-08 17:00:00+00|1|1|31|1.2258|1.1613|33|1.5758|1.9091
103|2024-07-12 17:00:00+00|4|1|32|1.7813|2.1563|31|1.6452|1.7742
103|2024-07-13 15:00:00+00|0|0|13|1.6154|1.0769|32|2.1875|1.2188
103|2024-07-13 15:00:00+00|1|2|32|1.4688|1.8125|33|1.3636|1.4545
103|2024-07-13 15:00:00+00|2|1|34|1.5588|1.8824|32|2.4375|1.1563
103|2024-07-13 15:00:00+00|2|0|32|1.8438|1.3750|14|1.5000|1.5714
103|2024-07-13 15:00:00+00|3|1|33|1.3939|1.6970|32|1.2188|1.1563
103|2024-07-13 17:15:00+00|1|1|33|1.6364|1.1515|31|1.1290|1.3226
103|2024-07-13 20:00:00+00|1|2|33|1.4545|1.3333|13|1.3077|1.4615
119|2024-07-19 16:00:00+00|1|1|32|1.3125|1.4375|32|1.9375|1.3438
103|2024-07-19 17:00:00+00|3|1|33|2.3939|1.1818|33|1.4545|1.8182
103|2024-07-20 16:00:00+00|1|1|33|1.8485|2.1212|34|1.6176|1.1471
103|2024-07-20 18:15:00+00|2|3|33|2.1212|1.1818|14|1.3571|1.4286
103|2024-07-21 12:30:00+00|0|1|33|1.2121|1.2121|34|1.4412|1.3529
119|2024-07-21 14:00:00+00|2|3|32|1.0000|1.1250|33|1.2727|1.5455
103|2024-07-21 15:00:00+00|0|1|34|1.3824|1.4412|14|1.5000|1.0000
103|2024-07-21 15:00:00+00|1|0|32|1.1250|1.3125|33|1.8485|1.3333
119|2024-07-21 16:00:00+00|3|3|32|1.1875|1.5000|32|1.8750|1.0938
119|2024-07-22 17:00:00+00|0|2|32|1.2188|1.6563|33|2.0000|1.1818
144|2024-07-26 18:45:00+00|1|1|40|2.0750|0.8750|40|1.4750|1.3000
119|2024-07-27 14:00:00+00|2|2|33|1.9091|1.0303|33|1.9091|1.3333
103|2024-07-27 14:00:00+00|1|1|15|1.4667|1.4667|34|2.4118|1.1765
103|2024-07-27 16:00:00+00|2|2|15|1.4667|0.9333|32|1.6250|1.8438
144|2024-07-27 18:45:00+00|1|0|40|1.7500|1.0500|40|1.2250|1.5250
144|2024-07-28 11:30:00+00|0|0|41|1.4390|1.1951|40|1.1250|1.7000
119|2024-07-28 12:00:00+00|3|1|34|1.3235|1.5588|33|1.2424|1.5455
144|2024-07-28 14:00:00+00|0|1|36|0.8056|1.8611|41|1.9756|1.1707
103|2024-07-28 15:00:00+00|2|2|34|1.4412|1.6765|34|1.8235|2.0882
103|2024-07-28 15:00:00+00|4|3|35|1.5714|1.8571|33|1.1212|1.2727
103|2024-07-28 15:00:00+00|0|0|35|1.4286|1.3143|15|1.4000|1.6000
103|2024-07-28 15:00:00+00|2|0|34|1.4412|1.8529|34|1.1765|1.2059
119|2024-07-28 16:00:00+00|3|2|34|2.0000|1.1471|33|1.3030|1.4242
144|2024-07-28 16:30:00+00|0|1|36|1.0278|1.4444|40|1.5500|1.1250
103|2024-07-28 17:15:00+00|1|0|34|1.7941|1.3235|34|2.1176|1.2353
144|2024-07-28 17:15:00+00|3|0|40|1.4750|1.8500|40|1.4250|1.1750
119|2024-07-29 17:00:00+00|2|1|33|1.9091|1.1515|33|1.0303|1.1818
144|2024-08-03 14:00:00+00|2|4|41|1.4634|1.2927|41|1.5122|1.8049
103|2024-08-03 16:00:00+00|4|2|35|2.3714|1.1714|34|1.1765|1.3529
144|2024-08-03 16:15:00+00|3|1|41|1.1220|1.4390|42|1.4048|1.1667
144|2024-08-03 18:45:00+00|1|4|41|1.1951|1.5122|37|1.0000|1.4324
144|2024-08-04 11:30:00+00|1|2|41|1.5366|1.0976|41|1.7317|1.0244
119|2024-08-04 12:00:00+00|3|2|34|1.2059|1.5294|34|1.2353|1.5882
144|2024-08-04 14:00:00+00|1|2|41|1.3902|1.2195|37|0.7838|1.8378
119|2024-08-04 14:00:00+00|1|1|35|2.0286|1.1714|35|1.3714|1.5429
103|2024-08-04 15:00:00+00|2|1|35|1.8286|2.0857|36|1.6389|1.8889
103|2024-08-04 15:00:00+00|0|0|16|1.5000|1.0000|16|1.4375|1.4375
103|2024-08-04 15:00:00+00|2|3|35|1.1429|1.2286|35|1.6000|1.1429
103|2024-08-04 15:00:00+00|2|1|16|1.3125|1.5000|35|1.4571|1.6857
103|2024-08-04 15:00:00+00|3|3|35|1.3429|1.4286|35|1.7714|1.2857
119|2024-08-04 16:00:00+00|0|2|34|1.1765|1.6471|34|1.9118|1.1471
144|2024-08-04 16:30:00+00|1|0|41|1.0976|1.6585|41|2.0488|0.8780
103|2024-08-04 17:15:00+00|1|0|33|1.6364|1.8485|36|1.3889|1.2778
119|2024-08-05 17:00:00+00|0|1|34|1.0294|1.2059|34|1.9118|1.0588
119|2024-08-09 17:00:00+00|2|0|35|1.9143|1.3143|35|1.0000|1.2000
103|2024-08-09 17:00:00+00|2|2|37|1.6216|1.8919|36|1.1667|1.2778
144|2024-08-09 18:45:00+00|0|0|42|1.0952|1.6190|42|1.4762|1.3571
103|2024-08-10 14:00:00+00|0|1|35|1.2000|1.4286|36|1.3889|1.4722
103|2024-08-10 16:00:00+00|1|1|36|1.8056|1.3333|36|2.4167|1.1944
144|2024-08-10 16:15:00+00|4|3|42|1.5714|1.8095|42|1.9762|1.0476
144|2024-08-10 18:45:00+00|1|1|42|1.7381|1.0238|42|1.1667|1.4286
144|2024-08-11 11:30:00+00|3|2|43|1.3953|1.2093|42|2.0000|0.8810
119|2024-08-11 12:00:00+00|1|1|35|1.8857|1.0286|35|1.1429|1.6571
119|2024-08-11 12:00:00+00|0|2|36|1.3611|1.5278|35|1.2571|1.5429
119|2024-08-11 14:00:00+00|0|1|35|1.9143|1.1143|35|1.4000|1.4286
144|2024-08-11 14:00:00+00|6|1|42|1.5238|1.1190|42|1.1905|1.5714
103|2024-08-11 15:00:00+00|1|0|17|1.3529|1.3529|34|1.6176|1.7941
103|2024-08-11 15:00:00+00|1|1|35|1.4571|1.8000|36|1.8333|2.0556
144|2024-08-11 16:30:00+00|1|0|38|1.0789|1.4211|43|1.9302|1.1628
103|2024-08-11 17:15:00+00|1|2|36|1.4444|1.6944|35|2.0571|1.2286
103|2024-08-14 17:00:00+00|1|0|17|1.4118|0.9412|36|1.1667|1.4167
119|2024-08-16 17:00:00+00|1|2|36|1.1389|1.6389|36|1.9167|1.2778
144|2024-08-16 18:45:00+00|1|0|43|2.0000|1.1163|39|1.0769|1.3846
103|2024-08-17 16:00:00+00|3|2|37|1.1892|1.2973|37|1.4324|1.7027
197|2024-08-17 17:00:00+00|3|2|16|2.3125|0.8750|12|1.3333|1.9167
197|2024-08-17 17:00:00+00|0|2|12|0.9167|1.8333|16|2.4375|0.9375
144|2024-08-17 18:45:00+00|1|3|43|1.4419|1.3256|43|1.7209|1.0233
144|2024-08-18 11:30:00+00|1|0|43|2.0000|0.9302|43|1.6279|1.1163
119|2024-08-18 12:00:00+00|4|1|36|1.2778|1.5000|36|1.8611|1.0278
103|2024-08-18 12:30:00+00|0|4|18|1.3889|0.8889|36|1.6389|1.1667
144|2024-08-18 14:00:00+00|1|1|43|1.1628|1.4186|43|1.4419|1.2326
119|2024-08-18 14:00:00+00|1|1|37|2.0000|1.1351|36|1.2778|1.6667
103|2024-08-18 15:00:00+00|0|1|18|1.3333|1.2778|37|1.3514|1.2703
103|2024-08-18 15:00:00+00|1|0|37|1.3784|1.4324|36|1.4444|1.7778
103|2024-08-18 15:00:00+00|2|2|37|1.8108|2.0270|37|1.1351|1.4054
144|2024-08-18 16:30:00+00|1|0|39|0.8205|1.8718|43|1.0698|1.5814
197|2024-08-18 17:00:00+00|0|1|15|2.3333|1.0000|13|1.1538|1.5385
103|2024-08-18 17:15:00+00|2|1|35|1.5714|1.7714|37|1.7838|1.3243
144|2024-08-18 17:15:00+00|4|1|44|1.8864|1.1591|43|1.6279|1.8372
197|2024-08-18 17:30:00+00|1|1|13|1.0769|1.9231|15|1.6000|1.2000
197|2024-08-18 19:00:00+00|3|0|15|1.8000|0.9333|13|1.0769|1.3077
119|2024-08-19 17:00:00+00|5|1|36|1.3889|1.3889|36|0.9722|1.2222
197|2024-08-19 18:00:00+00|0|1|13|0.7692|1.8462|15|1.1333|2.0667
103|2024-08-21 17:00:00+00|4|0|36|1.5833|1.7500|38|1.4474|1.7368
119|2024-08-23 17:00:00+00|0|4|5|1.0000|2.4000|37|1.4865|1.3784
119|2024-08-24 14:00:00+00|3|2|37|1.9189|1.2703|5|0.6000|1.8000
103|2024-08-24 14:00:00+00|6|0|37|2.3784|1.1892|38|1.8158|2.0263
144|2024-08-24 16:15:00+00|1|1|44|1.6136|1.8864|44|1.1591|1.4091
197|2024-08-24 16:30:00+00|1|1|14|1.0000|1.4286|14|1.0714|1.8571
197|2024-08-24 17:00:00+00|0|1|13|1.3846|2.0000|16|1.5625|1.1875
197|2024-08-24 18:30:00+00|1|1|16|1.8750|0.8750|16|1.1250|1.9375
144|2024-08-24 18:45:00+00|0|1|44|1.5909|1.1136|44|1.4318|1.3636
119|2024-08-25 12:00:00+00|1|3|37|0.9730|1.3243|37|1.3514|1.4865
103|2024-08-25 12:30:00+00|0|1|39|1.4103|1.7949|38|1.3421|1.2368
119|2024-08-25 14:00:00+00|3|2|37|1.8378|1.1081|38|1.9737|1.1316
144|2024-08-25 14:00:00+00|0|0|44|1.2273|1.7045|44|1.9773|1.0909
103|2024-08-25 15:00:00+00|3|0|36|2.0556|1.2222|38|1.3684|1.3947
103|2024-08-25 15:00:00+00|1|0|38|1.1579|1.4211|19|1.3158|1.0526
103|2024-08-25 15:00:00+00|5|2|38|1.7632|1.3421|38|1.2368|1.3158
103|2024-08-25 15:00:00+00|1|0|38|1.6316|1.8947|17|1.3529|1.4706
119|2024-08-25 16:00:00+00|2|2|37|1.9189|1.0811|38|1.3158|1.5526
197|2024-08-25 16:00:00+00|0|1|14|1.1429|1.4286|13|0.8462|1.8462
144|2024-08-25 17:15:00+00|1|0|40|1.0500|1.3750|40|0.8250|1.8250
103|2024-08-25 17:15:00+00|1|3|37|1.4054|1.7568|37|1.6486|1.7027
197|2024-08-25 17:30:00+00|2|0|17|2.3529|0.9412|14|0.7143|1.7857
119|2024-08-26 17:00:00+00|1|0|37|1.2703|1.6486|37|1.1351|1.6486
103|2024-08-30 17:00:00+00|2|0|19|1.2632|1.2632|40|1.3750|1.7750
119|2024-08-30 17:00:00+00|1|0|38|1.1053|1.6316|38|0.9737|1.3684
144|2024-08-30 18:45:00+00|1|0|45|1.4889|1.2667|45|1.6000|1.8667
144|2024-08-31 14:00:00+00|5|2|45|1.4222|1.3333|41|1.0488|1.3415
119|2024-08-31 14:00:00+00|4|2|38|1.5526|1.3421|38|1.8684|1.1316
103|2024-08-31 16:00:00+00|2|0|20|1.2500|1.0500|38|1.3947|1.7895
144|2024-08-31 16:15:00+00|1|2|5|1.0000|2.4000|5|2.0000|1.4000
197|2024-08-31 16:30:00+00|0|3|17|1.1176|1.8824|18|2.3889|0.8889
197|2024-08-31 17:00:00+00|1|1|17|1.5294|1.1176|15|1.0667|1.4000
144|2024-08-31 18:45:00+00|2|0|45|1.1556|1.4000|45|1.0444|1.5333
197|2024-08-31 19:00:00+00|3|0|15|0.6667|1.8000|14|1.2857|1.9286
144|2024-09-01 11:30:00+00|3|0|45|1.9778|0.9111|44|1.4318|1.2273
119|2024-09-01 12:00:00+00|2|2|6|0.8333|2.0000|38|1.2632|1.6053
119|2024-09-01 12:00:00+00|3|1|39|1.9744|1.1795|38|1.9211|1.1053
119|2024-09-01 14:00:00+00|1|3|38|1.3947|1.4737|38|1.9474|1.2895
144|2024-09-01 14:00:00+00|1|1|45|1.9333|1.1556|45|1.5556|1.1111
103|2024-09-01 15:00:00+00|2|1|38|1.6842|1.6842|37|2.0811|1.1892
103|2024-09-01 15:00:00+00|2|2|18|1.2778|1.4444|39|1.1538|1.3846
103|2024-09-01 15:00:00+00|0|1|39|1.2564|1.4103|38|2.4737|1.1579
103|2024-09-01 15:00:00+00|1|1|39|1.3333|1.4359|39|1.6154|1.8462
103|2024-09-01 15:00:00+00|2|2|39|1.3333|1.2051|39|1.8462|1.3590
119|2024-09-01 16:00:00+00|1|0|39|1.3333|1.5641|6|0.8333|2.6667
144|2024-09-01 16:30:00+00|0|0|45|1.9333|1.0667|44|1.7500|1.0227
197|2024-09-01 16:30:00+00|1|3|14|0.8571|1.7143|15|1.0000|1.4000
103|2024-09-01 17:15:00+00|1|3|37|1.7027|1.1351|39|1.7692|2.1282
144|2024-09-01 17:15:00+00|1|1|41|0.8049|1.8049|45|1.2000|1.6667
197|2024-09-01 17:30:00+00|1|2|15|1.0667|1.8000|18|2.3333|0.8889
103|2024-09-13 17:00:00+00|3|0|39|2.4359|1.1282|40|1.3250|1.4250
119|2024-09-13 17:00:00+00|2|1|7|0.7143|2.4286|39|1.1026|1.5897
144|2024-09-13 18:45:00+00|0|2|6|2.0000|1.3333|46|1.0217|1.5435
144|2024-09-14 14:00:00+00|2|3|45|1.4000|1.2667|46|1.4783|1.2391
103|2024-09-14 14:00:00+00|1|0|40|1.8500|1.3750|20|1.3000|1.2000
119|2024-09-14 16:00:00+00|2|1|39|1.9744|1.2821|40|2.0000|1.1750
103|2024-09-14 16:00:00+00|6|1|38|2.0526|1.2105|21|1.2857|1.0000
144|2024-09-14 16:15:00+00|0|3|42|0.8095|1.7857|46|2.0000|0.8913
197|2024-09-14 17:00:00+00|1|2|16|1.0625|1.3750|16|1.0625|1.8125
144|2024-09-14 18:45:00+00|2|2|45|1.7111|1.0000|46|1.5652|1.8478
144|2024-09-15 11:30:00+00|2|0|46|1.5435|1.1087|46|1.8913|1.0435
119|2024-09-15 12:00:00+00|1|1|39|1.6154|1.3590|39|1.3846|1.5128
103|2024-09-15 12:30:00+00|1|0|39|1.3590|1.7949|40|1.3500|1.2250
119|2024-09-15 14:00:00+00|0|5|39|0.9487|1.3590|39|1.2821|1.6154
144|2024-09-15 14:00:00+00|2|1|46|1.1957|1.6522|46|1.1739|1.3696
103|2024-09-15 15:00:00+00|0|0|40|1.1750|1.4000|40|1.2250|1.4000
103|2024-09-15 15:00:00+00|0|2|40|1.8000|2.1000|19|1.3158|1.4737
103|2024-09-15 15:00:00+00|2|2|40|1.6000|1.8250|38|1.6842|1.1842
197|2024-09-15 15:30:00+00|0|0|19|2.4211|0.8421|16|0.8125|1.6875
119|2024-09-15 16:00:00+00|2|0|39|1.8974|1.1538|7|1.0000|2.0000
144|2024-09-15 16:30:00+00|3|0|42|1.0714|1.4286|6|1.0000|2.3333
103|2024-09-15 17:15:00+00|1|1|41|1.3415|1.7805|39|1.6923|1.6667
144|2024-09-15 17:15:00+00|2|0|46|1.9130|1.1522|46|1.5000|1.3478
197|2024-09-15 17:30:00+00|0|0|19|2.3158|0.8947|18|2.1111|1.0000
197|2024-09-15 17:30:00+00|3|2|16|1.1250|1.3750|18|1.5000|1.1111
197|2024-09-16 17:00:00+00|2|0|18|1.8889|0.8333|15|0.8667|1.8000
119|2024-09-16 17:00:00+00|1|1|39|1.8718|1.2051|40|1.3250|1.5250
144|2024-09-17 18:00:00+00|0|2|46|1.7174|1.0217|47|1.5106|1.2553
103|2024-09-18 16:00:00+00|0|4|20|1.3500|1.4000|39|2.1538|1.2051
103|2024-09-18 17:00:00+00|2|0|39|1.6923|1.2051|21|1.2381|1.1905
119|2024-09-20 17:00:00+00|3|2|40|1.3750|1.5750|40|1.8500|1.2000
144|2024-09-20 18:45:00+00|0|0|47|1.0426|1.5106|47|1.8511|1.0638
144|2024-09-21 14:00:00+00|0|3|7|0.8571|2.4286|47|1.2128|1.6383
197|2024-09-21 14:00:00+00|1|4|16|0.8125|1.8125|20|2.2000|0.8500
103|2024-09-21 14:00:00+00|2|1|41|1.1951|1.3659|41|1.7561|2.0976
103|2024-09-21 16:00:00+00|5|0|41|1.2927|1.4634|42|1.3333|1.7619
144|2024-09-21 16:15:00+00|1|2|47|1.5745|1.8511|47|1.5532|1.0851
197|2024-09-21 17:00:00+00|2|1|19|1.5263|1.2105|20|2.3000|0.8000
197|2024-09-21 17:30:00+00|1|1|17|0.7647|1.5882|17|1.0588|1.4118
144|2024-09-21 18:45:00+00|0|0|47|1.6809|1.0426|43|1.1163|1.3953
144|2024-09-22 11:30:00+00|2|4|47|2.0213|0.8723|47|1.9149|1.1277
119|2024-09-22 12:00:00+00|2|2|41|1.3171|1.5122|40|1.9750|1.2750
119|2024-09-22 12:00:00+00|2|1|8|0.8750|2.0000|40|0.9250|1.4500
103|2024-09-22 12:30:00+00|4|1|40|1.7000|1.1750|40|2.4500|1.1000
119|2024-09-22 14:00:00+00|0|0|40|1.1000|1.6000|40|1.6000|1.3500
144|2024-09-22 14:00:00+00|2|0|47|1.4681|1.3617|46|1.4130|1.3043
103|2024-09-22 15:00:00+00|3|0|41|1.3171|1.2195|41|1.6098|1.8293
197|2024-09-22 15:00:00+00|3|1|19|2.0000|0.9474|16|1.2500|2.0000
103|2024-09-22 15:00:00+00|0|0|21|1.2857|1.5238|40|1.3500|1.7500
103|2024-09-22 15:00:00+00|4|0|40|1.6750|1.6500|41|1.1463|1.3659
119|2024-09-22 16:00:00+00|3|3|40|1.3750|1.5000|40|1.9000|1.1250
144|2024-09-22 16:30:00+00|4|0|48|1.5208|1.2292|7|1.7143|1.4286
103|2024-09-22 17:15:00+00|3|2|22|1.2727|1.2273|41|1.8293|1.3415
144|2024-09-22 17:15:00+00|1|1|47|1.1702|1.3830|43|0.7907|1.8140
197|2024-09-22 17:30:00+00|4|2|17|1.1176|1.7647|19|1.0000|1.8421
103|2024-09-23 17:00:00+00|1|1|22|1.1818|1.2273|40|2.2000|1.1750
119|2024-09-23 17:00:00+00|2|0|41|1.9756|1.1951|8|0.8750|2.2500
144|2024-09-26 18:45:00+00|2|1|47|1.3830|1.3191|48|1.9583|1.1458
144|2024-09-27 18:45:00+00|1|1|44|1.0909|1.3636|48|2.0208|0.9375
103|2024-09-28 12:00:00+00|5|3|41|2.1707|1.1707|42|1.3571|1.1905
119|2024-09-28 14:00:00+00|2|2|41|1.5610|1.3171|42|1.3333|1.5238
197|2024-09-28 14:00:00+00|1|1|17|0.8235|1.9412|5|0.6000|0.8000
144|2024-09-28 14:00:00+00|2|1|49|1.5714|1.2041|48|1.4792|1.3333
103|2024-09-28 16:00:00+00|0|1|42|1.1190|1.4286|41|1.7561|1.1707
144|2024-09-28 16:15:00+00|1|2|48|1.0208|1.4792|48|1.5625|1.8542
197|2024-09-28 17:00:00+00|1|1|18|1.0556|1.3889|5|0.6000|1.4000
103|2024-09-28 18:00:00+00|0|1|42|1.7381|2.0952|23|1.3478|1.2609
144|2024-09-28 18:45:00+00|1|1|8|1.5000|1.7500|48|1.6458|1.0208
144|2024-09-29 11:30:00+00|5|0|48|1.5625|1.0833|8|0.7500|2.5000
119|2024-09-29 12:00:00+00|3|0|9|0.7778|2.2222|9|1.0000|1.8889
119|2024-09-29 12:00:00+00|3|1|41|1.9756|1.2927|41|1.4146|1.5854
103|2024-09-29 12:30:00+00|1|1|42|1.2143|1.3571|42|1.3810|1.4286
119|2024-09-29 14:00:00+00|2|2|41|1.0732|1.5610|41|1.4146|1.5366
197|2024-09-29 14:00:00+00|1|2|18|1.2222|1.3889|18|0.7778|1.5556
144|2024-09-29 14:00:00+00|3|0|48|1.8125|1.0417|44|0.7955|1.7955
103|2024-09-29 15:00:00+00|4|0|41|2.4146|1.1707|22|1.2273|1.4545
103|2024-09-29 15:00:00+00|1|3|41|1.3171|1.7073|23|1.1739|1.2174
197|2024-09-29 15:00:00+00|2|0|21|2.2381|0.8571|18|1.2778|1.7778
103|2024-09-29 15:00:00+00|1|4|43|1.3023|1.8372|42|1.8333|1.3810
119|2024-09-29 16:00:00+00|1|2|41|0.9268|1.4634|42|1.9762|1.1667
144|2024-09-29 16:30:00+00|3|0|49|1.9388|1.1633|48|1.1667|1.3750
103|2024-09-29 17:15:00+00|0|1|42|1.5714|1.8571|41|1.7317|1.6098
144|2024-09-29 17:15:00+00|1|1|48|1.3958|1.3125|48|1.2500|1.6042
197|2024-09-29 17:30:00+00|0|1|21|2.2857|0.8571|20|1.5500|1.2000
197|2024-09-29 18:30:00+00|2|0|20|1.8000|0.7500|20|2.0500|0.9500
197|2024-09-30 17:00:00+00|1|2|20|1.0500|1.9500|17|1.2353|2.0588
119|2024-09-30 17:00:00+00|4|1|41|1.8537|1.2439|41|1.9268|1.1707
119|2024-10-04 17:00:00+00|2|2|42|0.9286|1.4762|10|1.0000|2.0000
144|2024-10-04 18:45:00+00|2|2|49|1.5714|1.8367|9|0.6667|2.7778
103|2024-10-05 13:00:00+00|2|1|23|1.1739|1.5652|43|1.5349|1.8372
144|2024-10-05 14:00:00+00|5|0|49|1.4694|1.3469|49|1.1429|1.4082
197|2024-10-05 15:30:00+00|1|2|19|1.2105|1.7895|18|0.8333|1.8889
144|2024-10-05 16:15:00+00|2|1|45|0.7778|1.8222|50|1.5800|1.2000
197|2024-10-05 16:30:00+00|1|0|19|0.8421|1.5263|21|1.8095|0.7143
197|2024-10-05 17:00:00+00|2|0|21|1.5238|1.1429|21|1.0476|1.9524
144|2024-10-05 18:45:00+00|1|0|9|1.4444|1.6667|45|1.0889|1.3556
144|2024-10-06 11:30:00+00|3|0|49|1.6327|1.0204|49|1.0204|1.4898
119|2024-10-06 12:00:00+00|1|4|10|0.9000|2.0000|42|1.9048|1.2381
119|2024-10-06 12:00:00+00|1|1|43|1.3488|1.5349|42|1.0952|1.5714
197|2024-10-06 13:00:00+00|2|3|18|1.2778|2.0000|19|1.2105|1.4211
197|2024-10-06 14:00:00+00|1|3|6|0.6667|0.8333|19|1.0526|1.3684
119|2024-10-06 14:00:00+00|1|1|42|1.4048|1.6190|42|1.5714|1.3333
144|2024-10-06 14:00:00+00|3|0|49|1.6327|1.0612|49|1.3878|1.3061
119|2024-10-06 16:00:00+00|2|0|42|1.9048|1.2381|42|2.0000|1.2857
144|2024-10-06 16:30:00+00|1|1|49|2.0000|0.9388|49|1.8367|1.0204
144|2024-10-06 17:15:00+00|1|1|49|1.2449|1.5918|50|1.9600|1.1400
197|2024-10-06 17:30:00+00|0|0|21|1.9524|1.0000|22|2.2273|0.8182
197|2024-10-06 17:30:00+00|0|2|6|0.6667|1.3333|22|2.1818|0.8636
119|2024-10-06 18:00:00+00|2|2|42|1.4286|1.5476|43|1.9767|1.1628
119|2024-10-18 17:00:00+00|3|1|44|1.9773|1.1818|43|0.9535|1.4884
144|2024-10-18 18:45:00+00|2|1|10|0.8000|2.7000|50|1.6600|1.0000
144|2024-10-19 14:00:00+00|1|2|50|1.5800|1.8400|50|1.9800|0.9400
103|2024-10-19 14:00:00+00|0|1|42|2.2381|1.2143|44|1.5227|1.8409
197|2024-10-19 14:00:00+00|0|1|19|0.8947|1.8421|19|1.3158|2.0526
103|2024-10-19 16:00:00+00|0|0|43|1.3953|1.2791|42|2.4524|1.1429
144|2024-10-19 16:15:00+00|0|0|50|1.3600|1.3400|10|1.4000|1.5000
197|2024-10-19 17:00:00+00|0|2|20|1.2000|1.8000|20|0.8500|1.4500
197|2024-10-19 17:30:00+00|0|0|22|1.0000|1.9545|20|1.1500|1.3500
144|2024-10-19 18:45:00+00|0|0|50|1.8200|1.0200|51|1.9412|1.1373
144|2024-10-20 11:30:00+00|3|2|51|1.5686|1.2157|50|1.2400|1.5800
119|2024-10-20 12:00:00+00|0|0|43|1.0930|1.5581|43|1.3953|1.6047
119|2024-10-20 12:00:00+00|0|2|11|1.0909|2.0000|44|1.3409|1.5227
103|2024-10-20 12:30:00+00|1|2|42|1.7143|1.5714|42|1.7381|1.1429
197|2024-10-20 13:00:00+00|2|2|23|2.1304|0.7826|7|0.5714|1.4286
119|2024-10-20 14:00:00+00|1|1|43|1.9535|1.2326|43|1.4419|1.5581
144|2024-10-20 14:00:00+00|1|1|50|1.1200|1.4800|50|1.6600|1.0400
103|2024-10-20 15:00:00+00|0|2|43|1.3721|1.4186|43|1.6977|2.0698
103|2024-10-20 15:00:00+00|0|0|24|1.2083|1.5417|43|1.2093|1.3488
103|2024-10-20 15:00:00+00|0|0|24|1.2500|1.2083|43|1.0930|1.4186
103|2024-10-20 15:00:00+00|3|3|43|1.8837|1.3721|42|1.3095|1.7381
197|2024-10-20 15:00:00+00|0|1|20|1.3000|1.4500|22|1.8636|0.9545
119|2024-10-20 16:00:00+00|3|2|11|0.9091|2.1818|43|1.9535|1.3023
144|2024-10-20 16:30:00+00|2|1|50|1.0000|1.5200|46|1.0652|1.3478
197|2024-10-20 17:00:00+00|2|0|22|1.5455|1.0909|7|0.7143|1.1429
144|2024-10-20 17:15:00+00|3|0|50|1.5400|1.3200|46|0.8043|1.8043
103|2024-10-20 17:15:00+00|2|1|24|1.3333|1.2083|44|1.2955|1.8864
197|2024-10-20 17:30:00+00|1|1|22|1.7273|0.7273|23|2.1739|0.8261
119|2024-10-21 17:00:00+00|1|0|43|1.5581|1.3256|43|1.9070|1.2093
119|2024-10-25 17:00:00+00|1|1|44|1.4318|1.5455|12|1.0000|2.0000
144|2024-10-25 18:45:00+00|1|0|47|0.7872|1.8298|11|0.9091|2.5455
179|2024-10-26 14:00:00+00|2|1|5|1.4000|1.8000|5|2.0000|1.6000
197|2024-10-26 14:00:00+00|0|1|21|0.9048|1.3810|20|0.8500|1.8000
144|2024-10-26 14:00:00+00|0|2|47|1.0638|1.3617|51|1.1176|1.4706
197|2024-10-26 14:30:00+00|2|2|8|0.7500|1.5000|23|0.9565|1.8696
103|2024-10-26 16:00:00+00|2|0|44|1.1818|1.3182|25|1.3600|1.2000
144|2024-10-26 16:15:00+00|2|5|11|1.2727|1.3636|51|1.5686|1.2941
197|2024-10-26 17:00:00+00|1|0|20|1.3000|1.9500|23|1.6957|0.7391
144|2024-10-26 18:45:00+00|2|0|51|1.2549|1.6078|51|1.5686|1.8431
119|2024-10-27 11:15:00+00|0|0|44|1.8636|1.2045|45|2.0000|1.1778
179|2024-10-27 12:00:00+00|1|1|5|1.2000|1.4000|8|1.2500|1.1250
144|2024-10-27 12:30:00+00|2|1|51|1.9804|0.9412|51|1.6471|1.0196
119|2024-10-27 13:00:00+00|2|0|44|0.9545|1.5227|44|1.0682|1.5227
179|2024-10-27 15:00:00+00|2|1|5|0.8000|0.8000|5|1.0000|2.0000
144|2024-10-27 15:00:00+00|3|0|51|1.6471|1.0392|51|1.0196|1.5098
197|2024-10-27 15:00:00+00|1|0|21|1.0952|1.2857|24|2.1250|0.8333
119|2024-10-27 15:00:00+00|4|2|44|1.3636|1.5682|12|1.0833|2.1667
197|2024-10-27 16:00:00+00|1|1|23|1.8261|0.9130|23|1.5652|1.0435
103|2024-10-27 16:00:00+00|2|1|45|1.5111|1.8000|25|1.2000|1.1600
103|2024-10-27 16:00:00+00|1|0|44|1.3409|1.4318|25|1.1600|1.4800
103|2024-10-27 16:00:00+00|0|3|44|1.0682|1.3864|43|2.1860|1.2093
103|2024-10-27 16:00:00+00|3|0|45|1.2889|1.8889|43|1.3488|1.7674
103|2024-10-27 16:00:00+00|1|2|44|1.7045|2.0227|44|1.9091|1.4091
119|2024-10-27 17:00:00+00|2|0|44|1.9545|1.3409|44|1.5455|1.2955
144|2024-10-27 17:30:00+00|0|2|52|1.9038|1.1154|52|1.5962|1.2308
103|2024-10-27 18:15:00+00|4|0|43|1.7442|1.1395|44|1.3636|1.2500
144|2024-10-27 18:15:00+00|1|3|51|1.7843|1.0000|51|1.3333|1.3137
197|2024-10-27 19:00:00+00|1|2|24|2.1250|0.8333|21|1.2381|1.4286
197|2024-10-27 19:30:00+00|0|3|8|0.6250|1.2500|21|1.1429|1.8095
119|2024-10-28 18:00:00+00|4|0|45|1.3556|1.4889|44|1.9318|1.2273
103|2024-10-28 18:00:00+00|2|3|43|2.3953|1.1163|43|1.6977|1.5814
179|2024-10-30 19:45:00+00|2|0|6|3.0000|0.5000|5|1.0000|1.8000
179|2024-10-30 19:45:00+00|3|1|6|1.0000|2.0000|7|1.1429|2.1429
179|2024-10-30 19:45:00+00|1|2|6|1.3333|1.1667|5|1.0000|1.6000
179|2024-10-30 19:45:00+00|1|2|9|1.2222|1.1111|6|1.8333|1.6667
179|2024-10-30 19:45:00+00|0|0|6|1.5000|1.6667|6|1.1667|1.3333
179|2024-10-30 20:00:00+00|2|1|5|2.0000|1.2000|6|1.0000|0.8333
144|2024-11-01 19:45:00+00|2|0|52|1.5385|1.8462|12|1.3333|1.6667
179|2024-11-02 15:00:00+00|0|0|7|1.2857|1.8571|7|1.2857|1.4286
179|2024-11-02 15:00:00+00|1|2|8|1.1250|2.2500|10|1.2000|1.2000
197|2024-11-02 15:00:00+00|2|1|25|2.0400|0.8400|21|1.2857|1.8571
144|2024-11-02 15:00:00+00|2|1|52|1.0000|1.5385|52|1.2692|1.5769
119|2024-11-02 16:00:00+00|1|4|13|1.1538|2.3077|46|1.4130|1.4565
103|2024-11-02 17:00:00+00|3|2|45|1.9111|1.4000|46|1.5217|1.7826
144|2024-11-02 17:15:00+00|0|1|52|1.1346|1.4423|52|1.9808|0.9423
197|2024-11-02 18:30:00+00|1|1|9|0.5556|1.4444|22|0.8636|1.3636
144|2024-11-02 19:45:00+00|1|1|52|1.6346|1.3077|52|1.7692|1.0385
144|2024-11-03 12:30:00+00|2|0|53|1.6038|1.2075|52|1.6731|1.0192
119|2024-11-03 13:00:00+00|1|5|45|1.9556|1.3111|45|1.8222|1.1778
119|2024-11-03 13:00:00+00|2|1|45|1.8889|1.2889|45|1.4222|1.5778
197|2024-11-03 14:30:00+00|3|1|24|1.5417|1.0417|9|0.8889|1.5556
197|2024-11-03 15:00:00+00|0|1|21|0.8571|1.7143|24|1.7917|0.9167
179|2024-11-03 15:00:00+00|1|1|7|1.0000|1.1429|7|1.2857|1.2857
144|2024-11-03 15:00:00+00|2|0|52|1.3654|1.3077|48|1.0417|1.3750
119|2024-11-03 15:00:00+00|2|1|45|1.5111|1.3111|45|1.0444|1.5333
179|2024-11-03 15:00:00+00|3|2|6|0.8333|1.8333|7|1.8571|1.5714
103|2024-11-03 16:00:00+00|3|3|44|2.2045|1.1818|44|2.3864|1.1591
103|2024-11-03 16:00:00+00|1|2|26|1.1923|1.1923|45|1.6889|2.0222
103|2024-11-03 16:00:00+00|3|3|45|1.3333|1.3111|45|1.3333|1.4000
103|2024-11-03 16:00:00+00|0|3|44|1.3182|1.7955|44|1.7955|1.1136
103|2024-11-03 16:00:00+00|0|1|46|1.3261|1.8478|45|1.0444|1.4222
103|2024-11-03 16:00:00+00|1|1|26|1.3077|1.2308|26|1.1154|1.4615
119|2024-11-03 17:00:00+00|3|3|13|1.0000|1.9231|45|0.9778|1.4889
144|2024-11-03 17:30:00+00|4|0|52|1.6346|1.0385|48|0.7917|1.7917
144|2024-11-03 18:15:00+00|0|0|12|0.8333|2.4167|53|1.8679|1.1321
103|2024-11-03 18:15:00+00|1|0|44|1.7273|1.5909|45|1.2000|1.2889
197|2024-11-03 18:30:00+00|1|2|24|1.0000|1.8750|25|2.0800|0.8800
197|2024-11-03 18:30:00+00|0|1|22|1.2273|1.7273|24|1.6250|0.7500
197|2024-11-04 15:30:00+00|3|0|22|1.0909|1.2273|22|1.2727|1.4091
119|2024-11-04 18:00:00+00|2|2|46|1.9565|1.1522|45|1.4222|1.5333
119|2024-11-08 18:00:00+00|1|1|46|1.0217|1.5217|14|1.1429|2.4286
144|2024-11-08 19:45:00+00|2|1|53|1.2642|1.5849|53|1.6226|1.3019
197|2024-11-09 15:00:00+00|2|1|23|0.8696|1.3478|25|1.6000|1.0400
144|2024-11-09 15:00:00+00|1|2|49|0.7755|1.8367|53|1.6415|1.0377
179|2024-11-09 15:00:00+00|2|1|6|1.1667|1.5000|9|1.1111|2.2222
179|2024-11-09 15:00:00+00|1|2|8|1.0000|1.1250|8|1.1250|1.6250
179|2024-11-09 15:00:00+00|3|0|8|1.2500|1.2500|8|1.1250|1.2500
197|2024-11-09 16:45:00+00|2|3|22|1.2727|1.8636|23|1.1739|1.6957
103|2024-11-09 17:00:00+00|2|1|45|1.8222|1.0889|47|1.2979|1.8298
144|2024-11-09 17:15:00+00|1|1|13|1.2308|1.6923|53|1.1132|1.4340
179|2024-11-09 17:30:00+00|4|1|6|2.0000|1.1667|7|1.1429|1.8571
197|2024-11-09 18:00:00+00|3|0|25|1.6000|0.7200|23|1.1739|1.1739
144|2024-11-09 19:45:00+00|1|0|49|1.0204|1.3878|53|1.5472|1.8113
144|2024-11-10 12:30:00+00|0|5|53|1.3774|1.2830|53|1.6792|1.0189
119|2024-11-10 13:00:00+00|2|2|46|1.0435|1.5435|14|1.1429|2.0000
119|2024-11-10 13:00:00+00|1|0|46|1.4348|1.5435|47|1.4681|1.4468
197|2024-11-10 14:00:00+00|2|2|23|1.2174|1.4783|10|0.6000|1.4000
197|2024-11-10 14:30:00+00|3|2|10|0.9000|1.7000|22|0.8182|1.6818
144|2024-11-10 15:00:00+00|5|0|54|1.8333|1.1111|53|1.0189|1.5283
119|2024-11-10 15:00:00+00|1|0|46|1.4130|1.5870|46|1.9348|1.3913
179|2024-11-10 15:00:00+00|0|2|8|1.8750|1.7500|7|2.8571|0.4286
103|2024-11-10 16:00:00+00|0|2|46|1.3696|1.4348|45|1.7111|1.5556
103|2024-11-10 16:00:00+00|1|0|46|1.1739|1.2826|27|1.1852|1.2222
103|2024-11-10 16:00:00+00|2|2|46|1.6957|2.0000|45|2.2222|1.2222
103|2024-11-10 16:00:00+00|0|1|27|1.1111|1.4444|46|1.9348|1.4130
103|2024-11-10 16:00:00+00|1|0|47|1.5319|1.8085|45|1.2889|1.8222
103|2024-11-10 16:00:00+00|2|0|46|1.0435|1.3913|46|1.3696|1.3478
179|2024-11-10 17:00:00+00|1|0|7|1.0000|1.0000|11|1.2727|1.1818
119|2024-11-10 17:00:00+00|1|1|46|1.5217|1.3043|47|1.9574|1.1702
144|2024-11-10 17:30:00+00|4|0|53|1.7547|1.0377|54|1.6111|1.1852
197|2024-11-10 17:30:00+00|1|0|25|1.7600|0.8800|25|1.0000|1.8800
144|2024-11-10 18:15:00+00|2|2|13|0.7692|2.2308|53|1.9623|0.9245
103|2024-11-10 18:15:00+00|2|2|45|2.4000|1.2000|27|1.2963|1.2222
197|2024-11-10 18:30:00+00|2|3|26|2.0769|0.8846|26|2.0385|0.8462
119|2024-11-10 19:00:00+00|1|1|46|1.8913|1.1739|46|1.8913|1.2826
197|2024-11-22 17:30:00+00|1|2|11|0.7273|1.4545|23|1.3043|1.9130
119|2024-11-22 18:00:00+00|1|0|47|1.8723|1.2766|47|1.5106|1.2979
144|2024-11-22 19:45:00+00|1|1|54|1.6481|1.0370|14|1.2143|1.6429
144|2024-11-23 15:00:00+00|7|0|54|1.9630|0.9444|54|1.2778|1.5741
197|2024-11-23 15:00:00+00|1|1|26|0.9615|1.8462|24|1.2500|1.5000
179|2024-11-23 15:15:00+00|1|0|10|1.1000|2.2000|9|1.6667|1.7778
179|2024-11-23 15:15:00+00|2|1|9|1.0000|1.4444|7|1.2857|1.4286
179|2024-11-23 15:45:00+00|1|1|8|1.0000|0.8750|9|1.4444|1.1111
103|2024-11-23 16:00:00+00|2|1|46|2.2174|1.2391|46|1.8261|1.0870
103|2024-11-23 16:00:00+00|5|1|47|1.9149|1.3830|47|1.0638|1.3617
103|2024-11-23 16:00:00+00|1|1|46|1.7174|1.5217|47|1.7021|2.0000
179|2024-11-23 16:00:00+00|2|1|9|1.2222|1.5556|7|2.2857|1.1429
103|2024-11-23 16:00:00+00|1|2|28|1.1429|1.2143|28|1.0714|1.4286
103|2024-11-23 16:00:00+00|0|3|48|1.2917|1.8333|48|1.5208|1.7708
103|2024-11-23 16:00:00+00|1|0|28|1.3214|1.2500|47|1.3404|1.4468
103|2024-11-23 16:00:00+00|0|2|46|1.2609|1.8043|46|2.3913|1.2174
103|2024-11-23 16:00:00+00|2|0|47|1.3404|1.3617|47|1.1702|1.2553
144|2024-11-23 17:15:00+00|1|0|54|1.0000|1.5926|54|1.3519|1.3519
197|2024-11-23 17:30:00+00|0|1|26|1.5769|1.0769|23|0.8696|1.7391
179|2024-11-23 17:45:00+00|4|1|8|1.1250|2.1250|9|1.0000|1.2222
179|2024-11-23 19:45:00+00|1|4|12|1.1667|1.1667|8|2.7500|0.3750
144|2024-11-23 19:45:00+00|3|0|55|1.5818|1.2364|50|1.0200|1.3600
144|2024-11-24 12:30:00+00|3|0|54|1.6111|1.3148|14|0.8571|2.2143
119|2024-11-24 13:00:00+00|2|0|48|1.4375|1.4375|47|1.0213|1.5106
119|2024-11-24 13:00:00+00|0|0|15|1.2000|2.0000|47|1.4043|1.5532
144|2024-11-24 15:00:00+00|1|1|54|1.1111|1.4259|54|1.7963|1.0185
197|2024-11-24 15:00:00+00|1|2|24|0.9167|1.3333|26|1.7308|0.8462
119|2024-11-24 15:00:00+00|2|2|15|1.1333|2.3333|47|1.8723|1.1702
119|2024-11-24 17:00:00+00|2|1|48|1.9375|1.1667|47|1.0638|1.5532
197|2024-11-24 17:30:00+00|1|2|24|1.1250|1.2500|27|2.0741|0.9630
144|2024-11-24 17:30:00+00|6|0|54|1.7407|1.0000|55|1.8909|1.0909
144|2024-11-24 18:15:00+00|4|0|54|1.5185|1.7963|50|0.7800|1.8400
197|2024-11-24 18:30:00+00|4|1|27|2.0741|0.8889|26|1.6538|0.6923
197|2024-11-25 16:00:00+00|2|1|24|1.2500|1.7083|11|1.0909|1.7273
119|2024-11-25 18:00:00+00|1|0|47|1.8936|1.3830|47|1.4255|1.5106
179|2024-11-26 19:45:00+00|3|3|10|1.0000|1.5000|8|2.1250|1.2500
119|2024-11-29 18:00:00+00|1|0|48|1.8750|1.1875|16|1.1250|1.8750
144|2024-11-29 19:45:00+00|3|1|51|0.7647|1.8824|55|1.6364|1.2909
179|2024-11-30 15:00:00+00|5|0|9|2.8889|0.4444|10|1.1000|1.4000
179|2024-11-30 15:00:00+00|0|3|8|1.2500|1.5000|11|1.1818|1.6364
197|2024-11-30 15:00:00+00|0|0|24|0.8750|1.6667|27|0.9630|1.8148
179|2024-11-30 15:00:00+00|1|1|10|1.5000|1.7000|9|1.4444|2.0000
179|2024-11-30 15:00:00+00|2|0|10|1.4000|1.1000|10|1.3000|1.5000
144|2024-11-30 17:15:00+00|4|1|55|2.0545|0.9273|15|1.2000|1.6000
197|2024-11-30 17:30:00+00|1|1|12|1.0833|1.7500|25|0.9200|1.3600
197|2024-11-30 18:30:00+00|4|0|27|1.6296|0.8148|27|1.5185|1.0741
144|2024-11-30 19:45:00+00|1|1|51|1.0000|1.3922|55|1.0000|1.5636
179|2024-12-01 12:00:00+00|0|1|11|1.0909|2.0000|9|1.0000|0.8889
144|2024-12-01 12:30:00+00|2|2|55|1.2545|1.6727|56|1.6071|1.2143
119|2024-12-01 13:00:00+00|1|2|48|1.3750|1.5208|49|1.4490|1.4082
119|2024-12-01 13:00:00+00|0|2|48|1.0625|1.5625|16|1.1875|2.3125
197|2024-12-01 13:30:00+00|2|1|24|1.3333|1.8750|25|1.1200|1.2800
119|2024-12-01 15:00:00+00|0|3|48|1.0000|1.5208|48|1.8750|1.3542
179|2024-12-01 15:00:00+00|1|1|13|1.1538|1.3846|9|2.2222|1.4444
144|2024-12-01 15:00:00+00|0|0|55|1.1091|1.4182|55|1.8182|0.9818
144|2024-12-01 15:00:00+00|3|2|15|0.8000|2.2667|55|1.3273|1.3455
197|2024-12-01 15:00:00+00|0|2|25|1.2400|1.4800|28|2.1429|0.8929
103|2024-12-01 16:00:00+00|5|2|47|2.3830|1.1915|49|1.2653|1.8571
103|2024-12-01 16:00:00+00|0|1|49|1.5510|1.7347|29|1.3103|1.2069
103|2024-12-01 16:00:00+00|0|2|48|1.3125|1.4375|29|1.1379|1.2414
103|2024-12-01 16:00:00+00|0|4|29|1.1034|1.4138|47|1.7021|1.5106
103|2024-12-01 16:00:00+00|2|1|48|1.0625|1.4375|47|1.2340|1.8085
103|2024-12-01 16:00:00+00|1|0|48|1.1458|1.2708|47|2.2128|1.2340
103|2024-12-01 16:00:00+00|2|1|48|1.6875|1.9792|48|1.3542|1.3333
103|2024-12-01 16:00:00+00|1|1|47|1.8085|1.1064|48|1.9792|1.3750
197|2024-12-01 17:00:00+00|2|2|28|2.0714|0.9643|12|0.7500|1.5000
119|2024-12-01 17:00:00+00|1|1|48|1.3958|1.5000|48|1.4792|1.2917
144|2024-12-01 17:30:00+00|2|1|55|1.7818|1.0182|55|1.6364|1.0364
144|2024-12-01 18:15:00+00|2|2|55|1.5636|1.7636|56|1.8571|1.1786
197|2024-12-01 18:30:00+00|1|1|27|1.7407|0.8519|25|1.2800|1.6800
119|2024-12-02 18:00:00+00|3|1|49|1.9388|1.1633|48|1.8542|1.2500
179|2024-12-04 19:45:00+00|6|0|10|1.0000|0.8000|11|1.4545|1.6364
179|2024-12-04 19:45:00+00|4|1|10|1.4000|1.9000|9|1.1111|1.6667
179|2024-12-04 20:00:00+00|0|1|10|2.1000|1.4000|10|3.1000|0.4000
179|2024-12-07 15:00:00+00|1|1|11|1.4545|1.0000|12|1.3333|2.0000
197|2024-12-07 15:00:00+00|3|0|29|2.1379|0.8621|25|0.8400|1.6000
179|2024-12-07 15:00:00+00|0|1|11|1.1818|1.5455|10|1.1000|1.9000
179|2024-12-07 15:00:00+00|2|0|14|1.1429|1.3571|11|1.6364|1.8182
144|2024-12-07 15:00:00+00|3|2|57|1.6140|1.2281|52|0.8077|1.8654
179|2024-12-07 15:00:00+00|3|0|11|2.9091|0.3636|12|1.3333|1.5000
179|2024-12-07 15:00:00+00|1|1|11|1.9091|1.3636|12|1.0000|1.9167
144|2024-12-07 17:15:00+00|1|1|56|1.0000|1.5536|56|1.0893|1.3929
144|2024-12-07 17:15:00+00|1|2|56|1.6250|1.3214|56|2.0893|0.9286
197|2024-12-07 17:30:00+00|2|1|28|1.4643|1.1786|26|1.2692|1.6538
144|2024-12-07 19:45:00+00|2|0|57|1.8596|1.1930|56|1.2679|1.6786
179|2024-12-08 12:00:00+00|0|3|11|1.0000|1.7273|11|1.4545|0.7273
144|2024-12-08 12:30:00+00|1|3|56|1.6250|1.0536|52|1.0000|1.3846
197|2024-12-08 13:30:00+00|1|4|25|1.3600|1.8400|29|2.0690|1.0000
197|2024-12-08 15:00:00+00|1|2|26|1.1923|1.5000|28|1.7143|0.7857
144|2024-12-08 15:00:00+00|0|0|56|1.3393|1.3750|56|1.7857|1.0179
197|2024-12-08 17:00:00+00|0|1|26|1.1154|1.3077|28|1.7143|0.8571
144|2024-12-08 17:30:00+00|2|1|56|1.7857|0.9643|16|0.9375|2.2500
144|2024-12-08 18:15:00+00|1|0|16|1.1875|1.7500|56|1.5714|1.7679
197|2024-12-08 18:30:00+00|0|1|28|0.9286|1.7500|26|0.9231|1.3462
197|2024-12-09 15:30:00+00|2|4|13|0.8462|1.5385|13|1.0769|1.6923
144|2024-12-13 19:45:00+00|1|1|57|1.6140|1.3333|57|1.6140|1.0877
144|2024-12-14 15:00:00+00|0|0|17|0.9412|2.2353|57|1.0000|1.5439
179|2024-12-14 15:00:00+00|3|1|13|1.2308|1.6154|12|0.9167|1.8333
179|2024-12-14 15:00:00+00|4|3|11|1.0909|1.7273|12|1.4167|1.0000
179|2024-12-14 15:00:00+00|2|3|13|1.0000|1.8462|12|1.0833|1.5000
197|2024-12-14 15:00:00+00|0|1|29|0.8966|1.7241|29|1.7241|0.7931
144|2024-12-14 17:15:00+00|1|0|57|1.0877|1.3860|53|1.0377|1.3774
197|2024-12-14 17:30:00+00|0|0|27|1.2593|1.6667|27|1.1852|1.5185
197|2024-12-14 18:30:00+00|2|1|26|0.8077|1.6538|27|1.0741|1.2963
144|2024-12-14 19:45:00+00|0|3|53|0.8302|1.8868|17|1.1765|1.6471
144|2024-12-15 12:30:00+00|2|0|57|2.0877|0.9298|58|1.6379|1.2414
197|2024-12-15 13:30:00+00|1|0|29|1.4828|1.1724|26|1.3462|1.9231
179|2024-12-15 15:00:00+00|1|0|13|1.3077|1.9231|15|1.2000|1.2667
144|2024-12-15 15:00:00+00|3|1|57|1.7544|1.0000|57|1.5439|1.7544
197|2024-12-15 16:00:00+00|0|1|14|1.2857|1.7143|29|1.6897|0.8276
197|2024-12-15 17:00:00+00|0|1|27|0.9259|1.2963|30|2.1333|1.0000
144|2024-12-15 17:30:00+00|0|2|57|1.2456|1.6842|57|1.7895|0.9649
144|2024-12-15 18:15:00+00|1|1|58|1.8621|1.1724|57|1.3158|1.3509
197|2024-12-16 18:30:00+00|1|1|14|0.9286|1.7143|30|2.1667|0.8333
179|2024-12-20 19:45:00+00|1|1|12|1.3333|1.8333|14|1.2857|1.7857
144|2024-12-20 19:45:00+00|1|1|58|1.5345|1.7759|58|1.6034|1.3276
179|2024-12-21 15:00:00+00|1|2|13|0.9231|1.9231|13|1.2308|1.5385
144|2024-12-21 15:00:00+00|2|1|54|1.0185|1.3704|58|1.2241|1.6897
179|2024-12-21 15:00:00+00|1|3|12|1.8333|1.3333|14|1.3571|1.5714
179|2024-12-21 15:00:00+00|1|0|12|1.5833|0.6667|12|1.5000|1.8333
197|2024-12-21 17:00:00+00|1|0|31|2.1290|0.8387|30|0.8667|1.7000
144|2024-12-21 17:15:00+00|1|3|18|1.2778|1.5556|58|1.6034|1.0862
144|2024-12-21 19:45:00+00|2|2|18|0.8889|2.1111|54|0.8148|1.9074
179|2024-12-22 12:00:00+00|0|0|13|1.5385|1.2308|12|2.9167|0.3333
144|2024-12-22 12:30:00+00|2|0|59|1.6102|1.2542|58|1.7931|0.9483
197|2024-12-22 13:30:00+00|0|0|27|1.2963|1.8889|28|0.8929|1.2857
179|2024-12-22 15:00:00+00|2|1|16|1.1250|1.2500|14|1.0714|1.9286
144|2024-12-22 15:00:00+00|0|1|58|0.9828|1.5172|59|1.8475|1.1695
197|2024-12-22 16:00:00+00|1|0|30|1.6667|0.8000|15|0.9333|1.6667
144|2024-12-22 17:30:00+00|2|2|58|1.7759|1.0000|58|2.0862|0.9138
197|2024-12-22 17:30:00+00|3|0|31|2.0968|0.9677|28|1.2143|1.6071
144|2024-12-22 18:15:00+00|1|0|58|1.3103|1.3448|58|1.0862|1.3621
197|2024-12-22 19:00:00+00|1|1|30|1.7000|0.7667|15|1.2000|1.6667
197|2024-12-23 13:00:00+00|2|1|28|1.0714|1.3214|30|1.4667|1.1333
197|2024-12-23 16:00:00+00|4|0|28|1.1429|1.4643|27|0.8519|1.6296
144|2024-12-26 12:30:00+00|2|2|59|1.6271|1.0847|60|1.6167|1.2333
179|2024-12-26 12:30:00+00|1|2|17|1.1765|1.2353|15|1.4667|1.5333
179|2024-12-26 15:00:00+00|4|0|13|2.6923|0.3077|13|1.3077|1.7692
144|2024-12-26 15:00:00+00|4|3|59|2.0847|0.9322|59|1.5254|1.7627
144|2024-12-26 15:00:00+00|0|1|55|0.8364|1.9091|55|1.0364|1.3636
179|2024-12-26 15:00:00+00|4|0|15|1.2667|1.7333|13|1.7692|1.4615
179|2024-12-26 15:00:00+00|1|2|15|1.0667|1.9333|14|1.4286|1.1429
179|2024-12-26 15:00:00+00|0|3|13|1.3846|1.7692|14|0.9286|1.9286
144|2024-12-26 17:30:00+00|0|0|59|1.5932|1.3220|59|0.9661|1.5085
179|2024-12-26 17:45:00+00|2|1|14|1.2857|1.5000|13|1.5385|0.6154
144|2024-12-26 19:45:00+00|1|3|60|1.8333|1.1500|59|1.7797|1.0169
144|2024-12-27 17:30:00+00|2|0|59|1.0678|1.3559|19|0.9474|2.1053
144|2024-12-27 19:45:00+00|1|1|59|1.2203|1.6949|59|1.3051|1.3220
144|2024-12-27 19:45:00+00|2|3|59|1.7627|0.9661|19|1.2632|1.6316
179|2024-12-29 15:00:00+00|2|2|15|1.0667|1.8000|18|1.1667|1.2778
179|2024-12-29 15:00:00+00|4|0|14|2.7857|0.2857|16|1.0625|1.9375
179|2024-12-29 15:00:00+00|1|0|16|1.5000|1.5000|16|1.4375|1.6250
179|2024-12-29 15:00:00+00|1|2|15|1.3333|1.4667|14|1.2857|1.8571
179|2024-12-29 15:00:00+00|2|2|14|1.2143|1.9286|14|1.5000|0.7143
179|2024-12-29 17:15:00+00|1|0|15|1.4667|1.1333|14|1.6429|1.6429
179|2025-01-02 15:00:00+00|1|2|15|1.5333|1.6000|16|1.1250|1.8125
179|2025-01-02 15:00:00+00|3|0|15|1.5333|0.8000|15|2.8667|0.2667
179|2025-01-02 15:00:00+00|1|1|17|1.0000|2.0588|17|1.4706|1.4118
179|2025-01-02 15:00:00+00|2|0|17|1.3529|1.5882|16|1.3125|1.5000
179|2025-01-02 15:00:00+00|1|0|19|1.2105|1.3158|15|1.2667|1.9333
179|2025-01-02 17:30:00+00|1|2|15|1.3333|1.8000|16|1.4375|1.0625
197|2025-01-04 15:00:00+00|2|1|16|0.8750|1.6250|31|0.8387|1.6774
179|2025-01-05 12:00:00+00|3|3|18|1.4444|1.3889|16|1.6250|0.7500
197|2025-01-05 13:00:00+00|1|0|16|1.1875|1.6250|28|1.2500|1.8214
197|2025-01-05 14:30:00+00|0|2|31|1.4516|1.1613|29|1.2414|1.4138
179|2025-01-05 14:30:00+00|2|0|16|1.1875|1.8750|16|1.5000|1.6250
179|2025-01-05 15:00:00+00|1|3|18|1.0000|2.0000|16|1.3125|1.8125
179|2025-01-05 15:00:00+00|0|1|17|1.4706|1.0588|20|1.2000|1.2500
179|2025-01-05 15:00:00+00|3|0|16|2.6875|0.4375|17|1.2353|1.5294
179|2025-01-05 15:00:00+00|0|1|18|1.3889|1.5000|17|1.1765|1.7647
197|2025-01-05 15:00:00+00|2|4|28|0.8214|1.7143|31|1.6774|0.7742
197|2025-01-05 17:30:00+00|0|1|29|1.1724|1.6552|29|1.1034|1.3103
197|2025-01-05 18:30:00+00|2|1|31|1.6452|0.7742|32|2.1250|0.9375
197|2025-01-06 16:00:00+00|0|2|29|0.8621|1.2414|32|2.0938|0.8125
179|2025-01-08 19:45:00+00|2|0|17|2.7059|0.4118|18|1.3889|1.0556
179|2025-01-08 19:45:00+00|0|0|19|1.3158|1.4737|17|1.2353|1.7647
179|2025-01-09 20:00:00+00|1|1|17|1.4118|1.7647|17|1.7059|0.8824
144|2025-01-10 19:45:00+00|1|0|60|0.9500|1.4833|56|0.8214|1.8929
179|2025-01-11 12:30:00+00|1|4|18|1.1667|1.6667|18|2.6667|0.3889
179|2025-01-11 15:00:00+00|0|1|18|1.1667|1.6111|19|1.3158|1.1053
179|2025-01-11 15:00:00+00|3|1|19|1.5263|1.4737|18|1.1667|1.6667
144|2025-01-11 15:00:00+00|1|2|60|1.5500|1.8000|60|1.2167|1.6833
144|2025-01-11 17:15:00+00|2|0|61|1.6230|1.2459|60|1.0833|1.3333
197|2025-01-11 18:30:00+00|2|1|33|2.0909|0.7879|32|1.4063|1.1875
144|2025-01-11 19:45:00+00|1|2|56|1.0357|1.3393|60|1.8000|1.0167
144|2025-01-12 12:30:00+00|1|1|20|0.9000|2.1000|60|1.6333|1.1000
197|2025-01-12 14:30:00+00|2|2|29|1.2069|1.7931|32|1.6563|0.7813
197|2025-01-12 15:00:00+00|0|3|32|0.8438|1.6875|30|1.1333|1.6333
144|2025-01-12 15:00:00+00|0|0|20|1.3500|1.6500|61|1.8197|1.1803
179|2025-01-12 15:00:00+00|3|1|18|1.6667|0.8889|19|1.0000|2.0526
179|2025-01-12 15:00:00+00|0|0|17|1.4118|1.6471|21|1.1905|1.1905
197|2025-01-12 17:30:00+00|1|2|33|2.0909|0.9697|29|0.8621|1.7931
144|2025-01-12 17:30:00+00|0|3|60|1.7667|1.0000|60|2.1167|0.9667
144|2025-01-12 18:15:00+00|1|0|60|1.3000|1.3167|60|1.5667|1.3000
197|2025-01-12 18:30:00+00|2|0|32|1.7500|0.8125|17|0.9412|1.5882
197|2025-01-13 16:00:00+00|2|0|30|1.1000|1.2667|30|0.8333|1.2667
197|2025-01-13 16:00:00+00|0|0|30|1.2667|1.3667|17|1.1765|1.5294
179|2025-01-14 20:00:00+00|3|3|18|1.3889|1.7222|19|2.7368|0.4211
179|2025-01-15 20:00:00+00|3|0|19|1.7368|0.8947|18|1.3333|1.5556
144|2025-01-17 19:45:00+00|1|1|62|1.7903|1.1613|57|1.0351|1.3509
144|2025-01-18 15:00:00+00|0|1|21|1.2857|1.5714|61|1.2951|1.2951
197|2025-01-18 15:00:00+00|2|0|18|0.8889|1.6111|30|0.9000|1.7667
144|2025-01-18 17:15:00+00|1|2|61|1.5410|1.2951|62|1.6290|1.2258
144|2025-01-18 19:45:00+00|4|2|61|2.1311|0.9508|21|0.9048|2.0476
144|2025-01-19 12:30:00+00|0|2|57|0.8070|1.8772|60|1.7667|1.0167
197|2025-01-19 13:00:00+00|1|2|31|1.1935|1.5806|34|2.0882|0.7941
197|2025-01-19 14:30:00+00|1|0|31|0.8065|1.2903|31|1.2258|1.3226
197|2025-01-19 14:30:00+00|1|2|18|1.1111|1.4444|31|1.1290|1.2258
144|2025-01-19 15:00:00+00|1|0|60|1.8000|1.0333|61|1.0656|1.3443
197|2025-01-19 17:00:00+00|0|0|33|1.3939|1.2121|34|2.0588|1.0000
144|2025-01-19 17:30:00+00|1|2|61|1.2295|1.6721|61|0.9508|1.4590
144|2025-01-19 18:15:00+00|3|2|61|1.6230|1.0984|60|1.5333|1.8000
197|2025-01-19 18:30:00+00|1|0|33|1.6667|0.8182|33|1.7576|0.7879
197|2025-01-20 16:00:00+00|2|0|30|1.2333|1.8000|33|0.8182|1.7273
197|2025-01-24 18:00:00+00|0|1|31|0.8710|1.7742|32|1.1875|1.5938
144|2025-01-24 19:45:00+00|1|1|61|1.2295|1.7049|61|1.6557|1.1311
197|2025-01-25 15:00:00+00|3|2|32|1.1875|1.3125|31|1.2581|1.7419
179|2025-01-25 15:00:00+00|2|1|20|1.0000|2.1000|19|1.1579|1.7368
144|2025-01-25 15:00:00+00|1|2|61|1.5410|1.8197|62|1.5968|1.2419
179|2025-01-25 15:00:00+00|3|2|22|1.1364|1.1364|20|1.2500|1.4000
197|2025-01-25 15:00:00+00|1|0|32|1.1563|1.2188|19|0.9474|1.5263
179|2025-01-25 15:00:00+00|1|1|19|1.1579|1.7895|20|1.6000|1.4500
179|2025-01-25 15:00:00+00|0|3|19|1.2632|1.6316|19|1.1053|1.5789
144|2025-01-25 17:15:00+00|1|1|57|1.0351|1.3509|61|1.3115|1.2787
197|2025-01-25 18:00:00+00|1|0|34|1.7059|0.7941|32|0.8125|1.2500
144|2025-01-25 19:45:00+00|1|1|61|2.1803|0.9672|57|0.7719|1.8596
179|2025-01-26 12:00:00+00|1|3|20|1.3000|1.0500|20|1.8000|0.8500
144|2025-01-26 12:30:00+00|1|0|60|1.0000|1.4667|22|1.2273|1.5455
197|2025-01-26 15:00:00+00|0|2|34|0.7941|1.7353|34|1.3529|1.1765
144|2025-01-26 15:00:00+00|0|4|22|0.9545|2.1364|60|1.8000|1.0333
144|2025-01-26 17:30:00+00|4|1|61|1.7705|1.0000|61|1.5410|1.3115
197|2025-01-26 17:30:00+00|1|0|35|2.0000|0.9714|19|1.1053|1.4737
144|2025-01-26 18:15:00+00|0|0|61|1.0492|1.3443|62|1.7581|1.1452
197|2025-01-26 18:30:00+00|1|1|35|2.0857|0.8000|34|1.6471|0.7941
144|2025-01-31 19:45:00+00|1|0|61|1.0328|1.3115|61|1.5574|1.3607
144|2025-02-01 15:00:00+00|5|0|57|1.0526|1.3333|23|1.1739|1.5217
179|2025-02-01 15:00:00+00|0|6|19|1.4737|1.7895|23|1.2174|1.1739
179|2025-02-01 15:00:00+00|2|0|21|1.5714|1.4286|20|1.2000|1.7000
179|2025-02-01 15:00:00+00|0|1|20|1.2000|1.5000|21|1.0476|2.0476
197|2025-02-01 16:00:00+00|3|2|35|1.6286|0.8000|33|1.2424|1.3333
144|2025-02-01 17:15:00+00|1|1|61|1.2951|1.2951|61|1.0000|1.4426
197|2025-02-01 17:30:00+00|1|1|32|1.2813|1.7813|32|0.8438|1.7500
179|2025-02-01 17:45:00+00|1|0|21|1.2857|1.4762|21|1.2857|1.1429
144|2025-02-01 19:45:00+00|1|0|62|1.6290|1.2419|23|0.9130|2.2174
144|2025-02-02 12:30:00+00|2|1|60|1.6000|1.1500|61|2.1803|0.9836
197|2025-02-02 14:30:00+00|0|1|20|1.0500|1.4500|36|2.0556|0.8056
197|2025-02-02 15:00:00+00|0|1|20|0.9000|1.5000|35|1.3714|1.1429
179|2025-02-02 15:00:00+00|4|0|21|1.8571|0.8571|20|1.1500|1.7500
179|2025-02-02 15:00:00+00|1|3|20|1.1500|1.7500|20|2.7500|0.5500
144|2025-02-02 15:00:00+00|2|1|61|1.8361|1.0164|61|1.2295|1.7213
197|2025-02-02 17:30:00+00|1|2|36|1.9722|0.9444|35|1.6857|0.7714
144|2025-02-02 17:30:00+00|1|0|62|1.7419|1.1452|61|1.8197|1.0164
144|2025-02-02 18:15:00+00|1|2|56|0.8036|1.7857|61|1.5574|1.8361
197|2025-02-02 18:30:00+00|0|1|33|0.7879|1.2424|33|1.1818|1.5455
197|2025-02-03 16:00:00+00|1|0|33|1.1515|1.1818|35|0.7714|1.7429
179|2025-02-05 19:45:00+00|6|0|21|2.7619|0.5714|20|1.4000|2.0000
144|2025-02-07 19:45:00+00|3|3|61|1.5574|1.3607|62|1.7097|1.1290
144|2025-02-08 15:00:00+00|1|0|61|2.1148|1.0164|61|1.0328|1.2295
197|2025-02-08 15:00:00+00|0|1|33|0.8485|1.7273|34|0.7647|1.2353
144|2025-02-08 17:15:00+00|2|1|24|1.1250|1.6667|61|1.2459|1.7377
197|2025-02-08 18:00:00+00|0|5|34|1.2647|1.3824|37|1.9459|0.9730
144|2025-02-08 19:45:00+00|2|1|62|1.6290|1.2419|61|1.3115|1.2951
144|2025-02-09 12:30:00+00|2|0|61|1.8033|1.0328|60|1.6167|1.1500
197|2025-02-09 15:00:00+00|1|1|37|2.0270|0.7838|34|1.1471|1.1471
144|2025-02-09 15:00:00+00|1|2|57|0.8070|1.7895|61|1.7869|1.0164
197|2025-02-09 17:30:00+00|2|0|36|1.3611|1.1111|36|1.6667|0.8333
144|2025-02-09 17:30:00+00|4|2|61|1.5738|1.8033|60|1.0167|1.4500
144|2025-02-09 18:15:00+00|1|1|24|0.8750|2.1667|57|1.1228|1.3158
197|2025-02-09 18:30:00+00|5|0|36|1.6944|0.7778|33|1.2727|1.7576
197|2025-02-10 16:00:00+00|1|2|34|1.1765|1.5000|21|0.8571|1.4762
197|2025-02-10 16:00:00+00|0|2|35|0.7143|1.7143|21|1.0000|1.4286
119|2025-02-14 18:00:00+00|4|1|44|1.8864|1.1591|44|1.3636|1.5227
144|2025-02-14 19:45:00+00|1|2|61|1.0328|1.4918|62|1.6613|1.2581
179|2025-02-15 15:00:00+00|3|1|22|1.2727|1.4091|22|1.0455|1.9545
179|2025-02-15 15:00:00+00|0|3|21|1.1429|1.8095|21|1.0952|1.8571
197|2025-02-15 15:00:00+00|2|1|34|1.1765|1.4706|34|1.1765|1.0882
179|2025-02-15 15:00:00+00|1|2|21|1.3333|2.1905|21|1.1429|1.7143
179|2025-02-15 15:00:00+00|3|0|22|2.9091|0.5455|22|1.2273|1.1364
144|2025-02-15 15:00:00+00|3|2|61|1.0164|1.2295|25|1.1600|1.6400
144|2025-02-15 17:15:00+00|2|1|61|1.5902|1.1639|57|0.8070|1.7719
197|2025-02-15 18:00:00+00|2|1|37|1.7838|0.7568|35|1.1714|1.5143
144|2025-02-15 19:45:00+00|2|2|61|1.2295|1.7377|61|2.0164|1.0000
179|2025-02-16 12:00:00+00|1|3|24|1.4167|1.1250|22|1.9545|0.8182
144|2025-02-16 12:30:00+00|3|2|62|1.7258|1.1452|25|0.8800|2.1200
119|2025-02-16 13:00:00+00|0|1|44|1.3864|1.5000|44|0.9773|1.5000
197|2025-02-16 13:00:00+00|4|1|22|1.0455|1.3636|36|1.3611|1.0278
179|2025-02-16 14:00:00+00|0|0|21|1.1429|1.4762|22|1.5909|1.3636
197|2025-02-16 15:00:00+00|0|4|33|1.2727|1.8485|37|2.0000|0.8108
197|2025-02-16 15:00:00+00|2|1|37|1.6216|0.8649|33|0.7879|1.6970
144|2025-02-16 15:00:00+00|0|1|61|1.8197|0.9672|60|1.5167|1.4000
119|2025-02-16 15:00:00+00|1|4|17|1.2353|2.1765|44|1.4773|1.2955
119|2025-02-16 17:00:00+00|1|0|44|1.9773|1.3409|44|0.9773|1.5682
144|2025-02-16 17:30:00+00|0|1|57|1.1404|1.3333|61|1.8033|1.0164
197|2025-02-16 18:00:00+00|7|0|37|2.0000|0.9730|36|0.6944|1.7222
144|2025-02-16 18:15:00+00|1|1|61|1.3115|1.3279|60|1.6167|1.7833
197|2025-02-16 18:30:00+00|2|0|34|0.7941|1.2353|22|0.9091|1.4545
119|2025-02-17 18:00:00+00|1|2|44|1.5455|1.2727|44|1.9091|1.1591
119|2025-02-21 18:00:00+00|0|0|44|0.9773|1.5682|45|1.5333|1.2889
144|2025-02-21 19:45:00+00|1|1|61|1.5082|1.3770|61|1.2623|1.7377
179|2025-02-22 12:30:00+00|2|1|23|1.5217|1.3043|23|2.9130|0.5217
197|2025-02-22 15:00:00+00|1|3|23|0.8696|1.4783|34|1.2353|1.4118
179|2025-02-22 15:00:00+00|1|0|22|1.1818|1.6818|23|1.3478|1.3913
179|2025-02-22 15:00:00+00|1|0|23|1.1739|1.2174|22|1.0909|1.8636
179|2025-02-22 15:00:00+00|0|2|23|2.0000|0.8261|22|1.0909|1.4091
179|2025-02-22 15:00:00+00|3|1|22|1.1818|1.7727|22|1.3182|2.1818
144|2025-02-22 15:00:00+00|0|0|26|1.1923|1.6923|26|0.9231|2.1538
144|2025-02-22 17:15:00+00|1|3|61|1.6066|1.7705|57|1.1228|1.3158
197|2025-02-22 17:30:00+00|1|0|35|1.2000|1.4571|33|1.2424|1.9394
197|2025-02-22 18:00:00+00|1|2|33|0.8182|1.6667|23|1.1739|1.3478
144|2025-02-22 19:45:00+00|2|2|62|1.5968|1.1613|60|1.0167|1.2333
179|2025-02-23 12:00:00+00|1|2|23|1.0435|2.0000|25|1.4000|1.2000
144|2025-02-23 12:30:00+00|1|2|62|2.0161|1.0161|61|1.0328|1.5082
119|2025-02-23 13:00:00+00|3|2|43|1.6744|1.3488|18|1.2222|2.2778
119|2025-02-23 13:00:00+00|4|0|44|1.5455|1.3182|17|1.0588|1.8235
197|2025-02-23 14:30:00+00|2|1|36|1.3889|1.1111|35|0.8286|1.2000
119|2025-02-23 15:00:00+00|2|2|43|0.9767|1.4884|44|1.9545|1.1818
144|2025-02-23 15:00:00+00|0|0|63|1.6667|1.2540|63|1.7460|1.1587
197|2025-02-23 15:00:00+00|3|1|36|0.6667|1.9167|37|1.5946|0.8919
119|2025-02-23 17:00:00+00|1|0|45|1.9111|1.1556|44|2.0000|1.2727
197|2025-02-23 17:30:00+00|0|3|34|1.1176|1.1471|37|1.8108|0.7568
144|2025-02-23 17:30:00+00|0|2|61|1.7869|1.0000|62|1.7903|0.9677
144|2025-02-23 18:15:00+00|1|1|56|0.8214|1.7679|60|1.2833|1.3500
197|2025-02-23 18:30:00+00|2|1|37|2.0000|0.8108|37|2.1351|0.9459
119|2025-02-24 18:00:00+00|1|4|43|1.4186|1.5814|43|1.3256|1.5349
179|2025-02-25 20:00:00+00|5|1|24|2.8333|0.5833|23|1.1739|1.6087
119|2025-02-26 18:30:00+00|1|2|18|1.0000|1.9444|43|1.7209|1.3721
179|2025-02-26 19:45:00+00|3|1|26|1.4231|1.1923|23|1.1304|1.3478
179|2025-02-26 19:45:00+00|1|0|24|1.0417|2.0000|23|1.2609|1.7391
179|2025-02-26 19:45:00+00|1|3|24|1.1667|1.1667|24|1.5417|1.2917
179|2025-02-26 19:45:00+00|2|1|23|1.0435|1.8261|23|1.3043|2.2174
179|2025-02-26 20:00:00+00|2|4|24|1.2917|1.3750|24|1.9167|0.8750
119|2025-02-28 18:00:00+00|1|1|45|1.5111|1.2222|44|1.6136|1.2955
144|2025-02-28 19:45:00+00|1|1|57|1.1579|1.3158|63|1.6508|1.2381
179|2025-03-01 15:00:00+00|1|1|24|1.2917|2.2083|25|1.0400|1.9200
197|2025-03-01 15:00:00+00|1|1|33|0.7879|1.6364|36|1.3611|1.0833
179|2025-03-01 15:00:00+00|1|0|24|1.2083|1.7083|25|1.3200|1.4800
197|2025-03-01 15:00:00+00|2|1|33|1.2121|1.9394|24|0.8750|1.5417
179|2025-03-01 15:00:00+00|1|2|25|2.0000|0.9200|24|1.0833|1.7917
144|2025-03-01 15:00:00+00|0|0|61|1.2787|1.3443|62|1.5968|1.1613
144|2025-03-01 15:00:00+00|1|1|63|1.7143|1.1429|62|2.0161|1.0161
144|2025-03-01 17:15:00+00|4|2|61|1.2623|1.7377|57|0.8246|1.7544
179|2025-03-01 17:30:00+00|2|5|24|1.1250|1.4167|25|2.9200|0.6000
197|2025-03-01 18:00:00+00|2|0|37|1.5946|0.9730|35|0.8286|1.2286
144|2025-03-01 19:45:00+00|4|1|62|1.7903|0.9355|27|1.1481|1.6296
179|2025-03-02 12:30:00+00|2|1|25|1.6000|1.2800|27|1.4815|1.1852
119|2025-03-02 13:00:00+00|1|3|19|1.2632|2.3158|44|1.3864|1.5227
119|2025-03-02 13:00:00+00|3|1|44|1.4091|1.6364|44|1.0000|1.5000
197|2025-03-02 14:30:00+00|1|2|24|1.2083|1.3333|35|1.2000|1.4000
144|2025-03-02 15:00:00+00|1|0|27|0.8889|2.0741|61|1.5082|1.3934
119|2025-03-02 15:00:00+00|2|1|44|1.9773|1.2727|44|1.7273|1.3636
197|2025-03-02 15:00:00+00|3|0|34|1.2941|1.4412|36|0.7500|1.8333
179|2025-03-02 15:00:00+00|2|2|24|1.1667|1.7500|25|1.1600|1.2400
119|2025-03-02 17:00:00+00|0|0|19|1.0000|1.9474|45|1.8889|1.1556
144|2025-03-02 17:30:00+00|0|2|61|1.0492|1.5082|61|1.7705|1.0164
197|2025-03-02 17:30:00+00|2|0|37|2.1622|0.9730|34|1.0588|1.1471
144|2025-03-02 18:15:00+00|0|0|61|1.0328|1.2459|61|1.6066|1.7869
197|2025-03-02 18:30:00+00|0|1|37|1.8108|0.7027|37|1.9459|0.8378
119|2025-03-03 18:00:00+00|1|1|44|1.9318|1.2045|44|0.9545|1.5455
119|2025-03-07 18:00:00+00|3|1|45|1.7111|1.3778|45|1.0000|1.5333
144|2025-03-07 19:45:00+00|2|0|62|1.3065|1.7419|28|0.8929|2.0000
144|2025-03-08 15:00:00+00|2|0|58|0.8448|1.7931|62|1.0161|1.2258
144|2025-03-08 17:15:00+00|0|1|58|1.1552|1.3103|62|1.4839|1.3871
144|2025-03-08 19:45:00+00|0|1|28|1.1429|1.7143|64|1.6406|1.2344
144|2025-03-09 12:30:00+00|1|3|62|1.2581|1.3226|63|2.0000|1.0159
119|2025-03-09 13:00:00+00|1|4|20|0.9500|1.8500|44|1.9773|1.2500
119|2025-03-09 13:00:00+00|0|1|45|1.4222|1.5111|45|0.9556|1.5333
119|2025-03-09 15:00:00+00|1|1|45|1.6000|1.2889|44|1.4318|1.6136
144|2025-03-09 15:00:00+00|2|0|61|1.6066|1.7377|62|1.7742|1.0000
197|2025-03-09 17:00:00+00|1|2|35|1.0286|1.1714|34|1.2353|1.9118
197|2025-03-09 17:00:00+00|0|0|37|1.3514|1.0811|38|1.7632|0.7105
197|2025-03-09 17:00:00+00|1|0|36|0.6944|1.8611|34|0.7941|1.6176
197|2025-03-09 17:00:00+00|1|1|36|1.2222|1.3889|38|1.6053|0.9474
119|2025-03-09 17:00:00+00|1|1|45|1.8444|1.1111|20|1.2500|2.3500
197|2025-03-09 17:00:00+00|2|1|25|0.8800|1.5600|38|2.1579|0.9474
197|2025-03-09 17:00:00+00|1|0|38|1.9211|0.8158|34|1.3235|1.3824
197|2025-03-09 17:00:00+00|0|0|36|0.8056|1.2500|25|1.2000|1.3600
144|2025-03-09 17:30:00+00|0|1|62|1.5484|1.1613|64|1.7031|1.1406
144|2025-03-09 18:15:00+00|3|0|62|1.8548|0.9194|62|1.0323|1.5161
119|2025-03-10 18:00:00+00|4|2|45|1.4889|1.2222|44|1.8864|1.2273
179|2025-03-15 15:00:00+00|2|2|25|1.1200|1.7600|25|1.1600|1.5600
179|2025-03-15 15:00:00+00|2|0|28|1.4643|1.2143|25|1.2000|1.6400
179|2025-03-15 15:00:00+00|1|1|26|1.2692|1.4615|26|1.6154|1.2692
179|2025-03-15 15:00:00+00|0|0|26|1.0385|1.8846|25|1.2000|1.7600
144|2025-03-15 19:45:00+00|2|1|64|1.6250|1.2344|63|1.8730|0.9048
179|2025-03-16 12:30:00+00|2|3|26|3.0000|0.6538|26|1.9615|0.9615
144|2025-03-16 12:30:00+00|0|0|61|1.0000|1.5738|63|1.5238|1.1587
179|2025-03-16 15:00:00+00|2|4|26|1.1923|1.2692|25|1.2800|2.1600
119|2025-03-16 16:00:00+00|0|3|21|1.2381|2.2857|21|0.9524|1.9524
119|2025-03-16 16:00:00+00|3|2|45|1.4222|1.6000|46|1.8261|1.1087
119|2025-03-16 16:00:00+00|3|2|44|1.0000|1.5682|45|1.6222|1.2444
119|2025-03-16 16:00:00+00|2|2|45|1.8889|1.2889|45|1.3556|1.5333
119|2025-03-16 16:00:00+00|4|2|45|2.0222|1.2444|46|1.5435|1.2391
119|2025-03-16 16:00:00+00|1|0|44|0.9545|1.5455|45|1.7333|1.3556
144|2025-03-16 17:30:00+00|2|1|61|1.5082|1.3443|29|1.1034|1.6897
144|2025-03-16 17:30:00+00|1|2|29|0.8621|2.0000|61|1.6393|1.7377
144|2025-03-16 17:30:00+00|3|0|62|1.7419|1.0000|62|1.2581|1.3387
144|2025-03-16 17:30:00+00|4|2|63|1.9841|1.0000|57|1.1228|1.2807
144|2025-03-16 17:30:00+00|1|2|64|1.7031|1.1250|57|0.8596|1.7719
144|2025-03-16 17:30:00+00|3|2|61|0.9836|1.2459|62|1.3065|1.7419
119|2025-03-28 18:00:00+00|0|4|22|1.0455|1.8636|44|1.4773|1.6136
144|2025-03-28 19:45:00+00|0|0|61|1.0164|1.2459|57|1.1404|1.2982
197|2025-03-29 14:30:00+00|1|2|32|1.2813|1.4375|33|1.2727|1.4242
179|2025-03-29 15:00:00+00|3|0|27|2.9630|0.7407|29|1.4828|1.1724
179|2025-03-29 15:00:00+00|3|0|27|1.5926|1.2593|27|1.0000|1.8148
179|2025-03-29 15:00:00+00|5|1|26|1.1923|1.5769|27|1.2593|1.4444
179|2025-03-29 15:00:00+00|4|1|26|1.1538|1.6923|26|1.1538|1.7692
144|2025-03-29 15:00:00+00|0|1|30|0.8667|2.0000|61|1.2951|1.7541
103|2025-03-29 15:00:00+00|1|2|37|1.1622|1.1892|37|1.8649|1.4595
197|2025-03-29 16:30:00+00|1|1|26|0.9231|1.5385|32|0.7813|1.5625
103|2025-03-29 17:00:00+00|3|0|30|1.3000|1.1667|37|1.8649|1.1622
144|2025-03-29 17:15:00+00|2|2|61|0.9672|1.5574|61|1.5410|1.3607
197|2025-03-29 17:30:00+00|0|2|32|1.0000|1.1250|34|1.3235|1.0294
179|2025-03-29 17:30:00+00|3|4|26|1.3846|2.1538|27|2.0000|1.0000
197|2025-03-29 18:30:00+00|1|2|33|0.8485|1.0606|26|1.1538|1.3077
144|2025-03-29 19:45:00+00|5|1|61|1.8197|0.9180|61|1.5738|1.1967
144|2025-03-30 11:30:00+00|2|0|61|2.0656|1.0164|61|1.7541|0.9836
119|2025-03-30 12:00:00+00|2|1|22|1.1818|2.3182|43|1.3023|1.6279
119|2025-03-30 12:00:00+00|1|2|43|0.9535|1.4419|44|1.0682|1.6136
103|2025-03-30 12:30:00+00|3|1|7|1.0000|1.5714|37|1.9459|1.4595
179|2025-03-30 13:30:00+00|0|1|26|1.1538|1.6538|27|1.2222|1.3704
144|2025-03-30 14:00:00+00|2|2|57|0.8596|1.7719|61|1.2623|1.3443
197|2025-03-30 14:00:00+00|1|1|32|1.0938|1.8750|34|0.7059|1.8824
119|2025-03-30 14:00:00+00|2|0|44|1.6591|1.2727|44|1.7727|1.4091
103|2025-03-30 15:00:00+00|3|1|30|1.1667|1.2000|37|1.4324|1.5135
103|2025-03-30 15:00:00+00|1|0|37|1.2973|1.4595|37|1.1622|1.4054
103|2025-03-30 15:00:00+00|2|1|37|1.0811|1.2703|30|1.0667|1.5000
103|2025-03-30 15:00:00+00|0|2|37|2.0811|1.3784|37|1.5405|1.9189
197|2025-03-30 16:00:00+00|2|3|35|1.7714|0.6286|35|2.1429|1.0000
119|2025-03-30 16:00:00+00|0|2|44|2.0682|1.2955|44|1.8636|1.2955
144|2025-03-30 16:30:00+00|4|0|62|1.5968|1.1774|62|1.7258|1.1613
144|2025-03-30 17:15:00+00|1|0|30|1.1000|1.7000|60|1.6333|1.7333
197|2025-03-30 18:00:00+00|4|2|35|1.7714|0.8286|35|1.4286|0.9143
119|2025-03-31 17:00:00+00|1|0|45|1.8444|1.1111|44|1.5682|1.3182
119|2025-04-04 17:00:00+00|2|1|45|1.5333|1.3111|44|2.0227|1.2955
144|2025-04-04 18:45:00+00|5|2|61|1.5574|1.3443|31|1.0968|1.6452
179|2025-04-05 14:00:00+00|2|0|28|1.2500|1.5714|27|1.1481|1.8519
103|2025-04-05 14:00:00+00|3|0|37|2.3784|1.0541|37|1.1081|1.2973
197|2025-04-05 14:00:00+00|3|0|27|1.1852|1.2963|33|1.0909|1.8485
179|2025-04-05 14:00:00+00|2|0|27|1.4444|2.2222|27|1.3333|1.5556
144|2025-04-05 14:00:00+00|2|1|61|1.2459|1.3443|31|0.8387|1.9677
179|2025-04-05 14:00:00+00|0|1|27|1.1111|1.6296|27|1.2593|1.6667
179|2025-04-05 14:00:00+00|0|2|28|2.0714|1.0714|28|1.6429|1.2143
103|2025-04-05 16:00:00+00|1|0|37|1.8649|1.3514|31|1.3548|1.1290
144|2025-04-05 16:15:00+00|2|2|61|1.6066|1.7213|61|0.9836|1.1967
197|2025-04-05 16:30:00+00|2|0|35|1.3429|1.0000|33|1.2727|1.4545
197|2025-04-05 17:00:00+00|0|2|35|0.7143|1.8571|27|0.9259|1.5185
144|2025-04-05 18:45:00+00|0|3|62|1.7097|1.2097|61|1.8361|0.9344
179|2025-04-06 11:00:00+00|1|0|28|0.9643|1.8571|28|2.9643|0.7143
144|2025-04-06 11:30:00+00|2|3|61|1.5246|1.2623|61|2.0820|0.9836
119|2025-04-06 12:00:00+00|2|1|44|1.5682|1.5909|23|1.2174|2.2609
119|2025-04-06 12:00:00+00|2|1|44|1.2955|1.6364|44|0.9545|1.4545
103|2025-04-06 12:30:00+00|3|1|37|1.8108|1.2162|37|1.2973|1.4054
179|2025-04-06 13:30:00+00|0|1|30|1.4333|1.2333|28|1.2143|1.3214
197|2025-04-06 14:00:00+00|0|0|33|0.7879|1.5455|33|0.8788|1.0303
144|2025-04-06 14:00:00+00|0|3|61|1.3115|1.6885|57|0.8947|1.7895
119|2025-04-06 14:00:00+00|1|1|44|1.0455|1.6136|23|1.0000|1.9565
103|2025-04-06 15:00:00+00|1|1|37|1.4595|1.8649|7|1.2857|1.4286
103|2025-04-06 15:00:00+00|3|0|37|1.4595|1.5676|37|2.0541|1.3514
103|2025-04-06 15:00:00+00|0|5|37|1.1351|1.4324|37|1.1892|1.2162
119|2025-04-06 16:00:00+00|0|1|44|1.7727|1.4318|45|1.8444|1.0889
197|2025-04-06 16:30:00+00|2|1|36|2.1667|1.0278|36|1.8333|0.8611
144|2025-04-06 16:30:00+00|1|2|61|1.7049|1.0000|62|1.6452|1.1613
103|2025-04-06 17:15:00+00|3|1|37|1.9459|1.5135|31|1.2258|1.1935
144|2025-04-06 17:15:00+00|1|0|57|1.1053|1.2807|61|0.9672|1.5738
197|2025-04-06 18:30:00+00|3|1|35|1.3429|1.0286|35|1.7429|0.7143
197|2025-04-07 15:00:00+00|0|1|33|1.3333|1.3030|33|0.9697|1.1515
119|2025-04-07 17:00:00+00|2|1|44|1.8864|1.2955|44|1.6818|1.2500
103|2025-04-09 17:00:00+00|2|0|32|1.3125|1.1250|8|1.2500|1.3750
103|2025-04-10 17:00:00+00|2|1|38|1.8421|1.2105|38|1.2895|1.1842
103|2025-04-10 17:00:00+00|3|1|38|1.9737|1.5000|32|1.0938|1.5000
119|2025-04-11 17:00:00+00|2|2|24|1.0000|1.9167|45|0.9556|1.4667
144|2025-04-11 18:45:00+00|2|2|62|1.6129|1.7258|58|1.1034|1.2586
179|2025-04-12 11:30:00+00|5|1|29|2.8621|0.7241|29|1.2759|1.5172
197|2025-04-12 14:00:00+00|1|0|34|0.8529|1.0000|36|0.6944|1.8611
179|2025-04-12 14:00:00+00|0|0|28|1.1071|1.8571|31|1.3871|1.2258
179|2025-04-12 14:00:00+00|3|2|28|1.2857|1.5714|28|1.0714|1.6071
144|2025-04-12 14:00:00+00|3|2|58|0.9310|1.7586|32|0.8438|1.9688
179|2025-04-12 14:00:00+00|1|0|29|1.2069|1.2759|29|0.9655|1.7931
144|2025-04-12 16:15:00+00|3|1|62|1.2903|1.7097|62|1.2581|1.3387
197|2025-04-12 16:30:00+00|3|1|34|1.0588|1.8824|28|0.9643|1.4643
197|2025-04-12 17:00:00+00|1|0|34|0.7647|1.5000|28|1.2500|1.2500
144|2025-04-12 18:45:00+00|2|0|62|1.8548|0.9194|62|1.6935|1.0161
179|2025-04-13 11:00:00+00|2|2|28|1.2500|1.6071|29|2.0000|1.1034
144|2025-04-13 11:30:00+00|0|1|62|1.5323|1.2903|63|1.6825|1.2381
119|2025-04-13 12:00:00+00|2|1|45|1.5778|1.5778|44|1.2955|1.6364
119|2025-04-13 12:00:00+00|1|2|46|1.8261|1.0652|45|1.8889|1.2889
179|2025-04-13 13:30:00+00|4|0|29|1.6552|1.1724|28|1.4643|2.1429
197|2025-04-13 13:30:00+00|2|1|34|0.9706|1.1176|34|1.2353|1.4706
144|2025-04-13 14:00:00+00|1|1|62|1.6129|1.3548|62|1.0000|1.2097
119|2025-04-13 14:00:00+00|1|1|45|1.6667|1.2667|45|2.0000|1.3111
119|2025-04-13 16:00:00+00|5|2|45|1.7333|1.4222|46|1.5435|1.3043
197|2025-04-13 16:00:00+00|3|1|36|1.3889|1.0278|37|2.1622|1.0270
197|2025-04-13 16:30:00+00|1|0|36|1.3611|0.9722|34|1.2941|1.2941
144|2025-04-13 16:30:00+00|1|0|61|2.1311|1.0000|63|1.6508|1.1587
144|2025-04-13 17:15:00+00|1|1|32|1.1250|1.7500|62|0.9516|1.5645
197|2025-04-13 18:00:00+00|1|0|37|1.8108|0.8919|36|1.7222|0.7778
119|2025-04-14 17:00:00+00|1|0|24|1.2083|2.2500|44|1.0455|1.5909
119|2025-04-16 17:00:00+00|4|0|45|1.2889|1.6444|25|1.0400|1.9200
119|2025-04-17 12:00:00+00|3|3|45|1.0222|1.5778|45|1.6222|1.5556
119|2025-04-17 12:00:00+00|0|2|45|1.0000|1.4667|25|1.2000|2.1600
119|2025-04-17 14:00:00+00|3|1|46|1.5435|1.3696|45|1.6444|1.2889
119|2025-04-17 16:00:00+00|4|2|45|1.9778|1.3111|46|1.8043|1.0870
119|2025-04-18 17:00:00+00|0|0|45|1.8889|1.2667|45|1.8000|1.4667
144|2025-04-19 14:00:00+00|4|4|62|0.9516|1.2258|33|1.1212|1.7273
144|2025-04-19 16:15:00+00|3|0|58|1.0862|1.2586|62|1.6290|1.3065
144|2025-04-19 18:45:00+00|1|1|62|0.9194|1.5484|62|1.6290|1.7419
144|2025-04-20 11:30:00+00|0|0|62|1.6613|1.0000|62|1.5000|1.2581
103|2025-04-20 12:30:00+00|2|3|37|1.2162|1.4054|33|1.0909|1.5455
144|2025-04-20 14:00:00+00|1|2|63|1.5873|1.1746|62|1.8226|0.9032
119|2025-04-20 15:00:00+00|2|3|26|1.0000|2.0000|26|1.2308|2.0769
144|2025-04-20 16:30:00+00|0|5|63|1.6984|1.2063|62|2.1129|0.9839
119|2025-04-21 12:00:00+00|1|1|46|1.6522|1.5870|45|0.9778|1.4667
119|2025-04-21 12:00:00+00|0|4|46|1.0652|1.6087|46|1.3478|1.6087
103|2025-04-21 12:30:00+00|0|2|8|1.2500|1.3750|37|1.8649|1.3243
119|2025-04-21 14:00:00+00|4|3|46|1.8478|1.2391|47|1.5745|1.3617
103|2025-04-21 15:00:00+00|1|2|38|1.2368|1.2105|38|1.8158|1.1842
103|2025-04-21 15:00:00+00|3|1|33|1.3333|1.0909|37|1.4595|1.4595
103|2025-04-21 15:00:00+00|1|3|32|1.2188|1.2500|37|1.4324|1.8108
103|2025-04-21 15:00:00+00|2|5|37|1.1081|1.2973|38|1.9737|1.4211
119|2025-04-21 16:00:00+00|3|1|46|1.7609|1.1739|46|1.6304|1.3261
103|2025-04-21 17:15:00+00|2|2|37|2.0000|1.3514|37|2.3514|0.9730
119|2025-04-22 17:00:00+00|3|2|45|1.7778|1.4222|45|2.0222|1.3333
144|2025-04-22 18:30:00+00|0|1|62|0.9194|1.5161|62|1.0000|1.2097
144|2025-04-22 18:30:00+00|2|3|62|1.6290|1.3226|62|1.6290|1.7097
144|2025-04-22 18:30:00+00|2|1|34|1.2059|1.7941|58|1.1379|1.2241
197|2025-04-23 15:00:00+00|1|1|33|1.1818|1.7879|33|0.7879|0.9394
197|2025-04-23 15:00:00+00|1|3|35|0.6286|1.9143|33|0.7576|1.4545
197|2025-04-23 17:30:00+00|0|3|29|0.9655|1.5172|29|1.2069|1.2414
144|2025-04-23 18:30:00+00|1|1|62|1.4839|1.2258|63|1.5556|1.2063
144|2025-04-23 18:30:00+00|5|0|62|1.5806|0.9839|63|1.6508|1.2698
144|2025-04-24 18:30:00+00|0|1|62|2.1613|0.9677|62|1.8065|0.9032
119|2025-04-25 17:00:00+00|0|0|47|1.6170|1.4043|46|1.8913|1.2826
144|2025-04-25 19:00:00+00|2|0|33|0.8788|2.0000|57|0.9825|1.7719
179|2025-04-26 11:30:00+00|0|5|30|1.2000|1.2333|30|2.9333|0.7333
179|2025-04-26 14:00:00+00|0|1|31|1.3548|1.2258|29|1.4138|2.2069
179|2025-04-26 14:00:00+00|2|2|29|1.3448|1.5862|30|2.0000|1.1333
179|2025-04-26 14:00:00+00|1|0|29|1.2759|1.6207|30|1.7333|1.1333
179|2025-04-26 14:00:00+00|2|0|30|1.2667|1.6333|29|1.1034|1.6552
179|2025-04-26 14:00:00+00|3|2|29|1.0690|1.7931|30|0.9333|1.7667
144|2025-04-26 14:00:00+00|1|1|63|1.0000|1.1905|63|0.9048|1.5079
144|2025-04-26 16:15:00+00|2|2|63|1.6508|1.7143|63|1.6349|1.3492
197|2025-04-26 17:00:00+00|0|2|33|1.3030|1.5152|33|1.0606|1.0606
197|2025-04-26 17:00:00+00|1|1|33|1.2424|1.2424|35|1.3429|1.0000
144|2025-04-26 18:45:00+00|4|1|59|1.1356|1.2373|35|1.2286|1.7714
144|2025-04-26 18:45:00+00|3|1|61|1.2295|1.4098|61|1.3279|1.6721
144|2025-04-27 11:30:00+00|0|1|64|1.6250|1.3281|63|1.6349|0.9683
119|2025-04-27 12:00:00+00|2|2|27|1.2963|2.0741|46|1.6522|1.5870
119|2025-04-27 12:00:00+00|2|0|46|0.9783|1.4565|46|1.4348|1.6087
103|2025-04-27 12:30:00+00|0|0|37|1.8378|1.2973|37|2.0270|1.2973
144|2025-04-27 14:00:00+00|0|1|64|1.5469|1.2031|63|1.4762|1.2222
119|2025-04-27 14:00:00+00|1|3|46|1.6087|1.3696|47|1.7872|1.1702
103|2025-04-27 15:00:00+00|0|0|37|0.9189|1.6216|34|1.3824|1.0882
103|2025-04-27 15:00:00+00|2|0|37|1.4595|1.5135|37|1.1622|1.3784
103|2025-04-27 15:00:00+00|3|0|37|2.3243|1.0000|33|1.2121|1.3030
103|2025-04-27 15:00:00+00|0|2|34|1.1471|1.5588|8|1.1250|1.2500
103|2025-04-27 15:00:00+00|2|3|37|1.4595|1.7838|38|1.2368|1.2632
119|2025-04-27 16:00:00+00|5|0|46|2.0217|1.3696|46|1.8043|1.4348
144|2025-04-27 16:30:00+00|0|0|63|1.7937|0.8889|63|2.1270|0.9683
197|2025-04-27 17:00:00+00|0|2|35|1.6286|0.8286|36|1.8333|0.8333
197|2025-04-27 17:00:00+00|2|1|36|2.1944|1.0833|34|1.2647|1.0882
103|2025-04-27 17:15:00+00|4|4|37|2.1622|1.4054|37|1.1622|1.4595
197|2025-04-28 15:00:00+00|0|0|30|1.2667|1.2000|35|0.6286|1.9429
197|2025-04-28 15:00:00+00|0|1|33|0.8182|0.9394|30|0.9333|1.5667
119|2025-04-28 17:00:00+00|0|1|27|1.0370|2.0370|45|1.0667|1.6889
197|2025-04-28 17:00:00+00|3|0|33|0.8182|1.4545|34|1.1765|1.7647
103|2025-04-30 16:00:00+00|5|1|38|2.2105|1.4737|37|0.9189|1.5946
144|2025-05-01 11:30:00+00|1|3|63|1.4444|1.1905|63|1.6032|0.9683
144|2025-05-01 14:15:00+00|4|1|63|2.1111|0.9365|64|1.5781|1.3281
103|2025-05-01 16:00:00+00|1|1|37|1.7568|1.2703|35|1.1143|1.5714
119|2025-05-02 17:00:00+00|3|2|47|1.5745|1.3191|46|1.7826|1.5435
103|2025-05-02 17:00:00+00|0|0|37|1.0811|1.4324|34|1.1765|1.3529
144|2025-05-02 18:45:00+00|4|2|63|1.6508|1.7460|36|1.2222|1.8333
179|2025-05-03 14:00:00+00|1|0|30|1.3667|1.6000|30|1.2667|1.5667
144|2025-05-03 14:00:00+00|0|2|61|1.2787|1.3770|57|0.9649|1.7895
179|2025-05-03 14:00:00+00|1|2|30|1.4000|2.1333|30|1.1333|1.8000
179|2025-05-03 14:00:00+00|3|1|31|1.6774|1.1290|31|1.1613|1.3548
179|2025-05-03 14:00:00+00|1|3|30|1.0667|1.6667|32|1.3125|1.2188
179|2025-05-03 14:00:00+00|0|2|31|0.9677|1.8065|31|1.2903|1.5806
103|2025-05-03 16:00:00+00|2|4|8|1.1250|0.8750|38|1.8684|1.2105
144|2025-05-03 16:15:00+00|1|2|63|1.0159|1.1746|63|1.6508|1.3651
197|2025-05-03 17:00:00+00|1|4|33|1.0909|1.0606|33|1.1818|1.2424
197|2025-05-03 17:00:00+00|1|1|33|1.2727|1.5152|35|1.3429|0.9429
144|2025-05-03 18:45:00+00|1|0|63|1.7619|0.8730|64|1.5156|1.1719
179|2025-05-04 11:00:00+00|1|1|31|2.0000|1.1613|31|3.0000|0.7097
144|2025-05-04 11:30:00+00|0|1|63|0.9048|1.5079|59|1.1864|1.2034
119|2025-05-04 12:00:00+00|0|0|46|0.9783|1.4130|46|1.6522|1.6087
119|2025-05-04 12:00:00+00|1|1|45|1.4222|1.6222|46|1.0652|1.6522
144|2025-05-04 14:00:00+00|2|1|60|1.3000|1.6833|34|0.9118|1.9412
119|2025-05-04 14:00:00+00|0|3|46|1.8696|1.2609|47|1.7660|1.1489
103|2025-05-04 15:00:00+00|0|0|39|2.2821|1.4615|37|1.4324|1.8108
103|2025-05-04 15:00:00+00|1|2|38|1.2895|1.3158|36|1.1111|1.5556
103|2025-05-04 15:00:00+00|0|1|37|1.2703|1.5405|37|1.4324|1.5135
103|2025-05-04 15:00:00+00|2|1|37|2.0000|1.2162|38|0.9211|1.6842
119|2025-05-04 16:00:00+00|3|1|46|2.0435|1.3478|46|1.6087|1.4130
197|2025-05-04 17:00:00+00|1|2|35|1.6000|0.8571|35|1.2571|1.1143
197|2025-05-04 17:00:00+00|4|2|36|1.8333|0.7222|36|2.1389|1.0556
197|2025-05-05 15:00:00+00|3|0|33|1.1212|1.8485|33|0.9091|1.3939
197|2025-05-05 15:00:00+00|0|0|31|0.9355|1.5161|34|0.7941|0.9412
197|2025-05-05 17:00:00+00|2|3|36|0.6111|1.8889|31|1.2258|1.1613
119|2025-05-05 17:00:00+00|2|2|28|1.3214|2.0714|28|1.0000|2.0000
144|2025-05-09 18:45:00+00|4|3|59|1.2034|1.1864|63|1.6667|1.7302
144|2025-05-10 14:00:00+00|2|2|57|1.0000|1.7368|61|1.3115|1.6721
179|2025-05-10 14:00:00+00|3|1|32|2.9375|0.7188|32|1.7188|1.1250
179|2025-05-10 14:00:00+00|0|2|32|1.1563|1.4063|31|1.3548|1.5484
179|2025-05-10 14:00:00+00|3|0|33|1.3636|1.2121|31|1.1613|1.7742
179|2025-05-10 14:00:00+00|3|2|32|1.3125|1.5313|31|1.3871|2.1290
179|2025-05-10 14:00:00+00|2|1|32|0.9375|1.8125|31|1.0645|1.7097
144|2025-05-10 14:00:00+00|4|2|35|0.9143|1.9429|61|1.2787|1.4098
197|2025-05-10 14:00:00+00|2|1|36|0.6667|1.8889|34|1.1765|1.7941
197|2025-05-10 14:00:00+00|4|1|32|1.2813|1.1875|32|0.9063|1.4688
197|2025-05-10 15:30:00+00|4|2|35|1.3143|0.9714|33|1.1212|1.1212
197|2025-05-10 16:15:00+00|0|0|33|1.2727|1.2424|33|1.2727|1.5152
144|2025-05-10 16:15:00+00|0|0|63|1.6667|1.3810|63|0.9048|1.4286
197|2025-05-10 17:00:00+00|0|3|34|0.7647|0.8824|34|0.8824|1.4412
144|2025-05-10 18:45:00+00|0|1|63|1.6349|0.9683|63|1.7302|0.8730
179|2025-05-11 11:00:00+00|4|0|32|1.9688|1.1563|31|1.2258|1.5484
144|2025-05-11 11:30:00+00|0|3|64|1.5781|1.3750|63|1.3651|1.2381
119|2025-05-11 12:00:00+00|2|2|46|1.8261|1.5652|46|1.8696|1.3261
119|2025-05-11 12:00:00+00|1|0|46|1.4130|1.6087|29|1.3448|2.0690
103|2025-05-11 12:30:00+00|0|0|38|1.9211|1.2632|38|1.7632|1.1842
119|2025-05-11 14:00:00+00|1|3|46|1.5870|1.4783|47|1.6170|1.3404
103|2025-05-11 15:00:00+00|0|3|5|1.2000|2.0000|37|1.9459|1.2432
103|2025-05-11 15:00:00+00|4|0|37|1.4054|1.7568|37|1.0541|1.4324
103|2025-05-11 15:00:00+00|2|1|37|1.3784|1.4595|8|1.3750|1.3750
103|2025-05-11 15:00:00+00|0|1|37|1.1351|1.5405|35|1.3429|1.0571
103|2025-05-11 15:00:00+00|1|3|35|1.1429|1.3143|37|1.2162|1.5405
119|2025-05-11 16:00:00+00|3|1|46|1.6522|1.5652|29|1.0345|2.0000
144|2025-05-11 16:30:00+00|0|2|64|1.4688|1.1719|63|2.1746|0.9524
197|2025-05-11 17:00:00+00|1|0|36|2.1389|1.1389|35|1.5429|0.9143
197|2025-05-11 17:00:00+00|0|1|35|1.2857|1.1429|36|1.8889|0.7778
144|2025-05-11 17:15:00+00|5|0|37|1.2432|1.8919|63|1.0159|1.1587
103|2025-05-11 17:15:00+00|1|4|38|0.9474|1.6842|39|2.2308|1.4359
119|2025-05-11 18:00:00+00|1|1|47|1.8298|1.1489|46|2.0652|1.3696
119|2025-05-12 17:00:00+00|2|0|46|1.0652|1.6739|46|0.9783|1.3913
197|2025-05-14 15:00:00+00|1|2|33|1.3636|1.1818|35|0.7429|0.9429
197|2025-05-14 17:00:00+00|1|1|33|0.9091|1.5455|35|1.1714|1.8000
197|2025-05-14 17:00:00+00|3|0|35|0.9429|1.4000|37|0.7027|1.8649
179|2025-05-14 18:45:00+00|1|1|32|1.4063|2.1563|32|1.0625|1.7188
179|2025-05-14 18:45:00+00|2|1|34|1.4118|1.1765|33|0.9697|1.7879
179|2025-05-14 18:45:00+00|3|0|32|1.1250|1.8125|33|1.3636|1.5455
179|2025-05-14 18:45:00+00|3|1|33|2.0303|1.1212|33|1.1212|1.4242
179|2025-05-14 18:45:00+00|2|2|32|1.3750|1.5000|33|1.6970|1.1818
179|2025-05-14 19:00:00+00|1|5|32|1.1875|1.6250|33|2.9394|0.7273
103|2025-05-16 16:00:00+00|1|0|39|1.7179|1.1538|39|0.9487|1.7436
103|2025-05-16 16:00:00+00|2|1|38|1.2632|1.5263|36|2.3333|1.0278
103|2025-05-16 16:00:00+00|2|2|39|1.8718|1.2308|38|1.4737|1.7105
103|2025-05-16 16:00:00+00|0|1|38|1.9737|1.2105|38|1.1053|1.5263
103|2025-05-16 16:00:00+00|1|0|36|1.3333|1.0278|36|1.1389|1.3611
103|2025-05-16 16:00:00+00|0|2|38|1.3158|1.3421|6|1.0000|2.1667
103|2025-05-16 16:00:00+00|3|1|40|2.2750|1.4250|38|1.3947|1.4474
119|2025-05-16 17:00:00+00|2|0|47|1.8298|1.5745|47|1.5745|1.5106
103|2025-05-16 18:00:00+00|1|1|9|1.3333|1.4444|38|1.0263|1.5000
144|2025-05-16 18:45:00+00|0|2|64|1.0000|1.2188|64|1.6875|1.7656
179|2025-05-17 11:30:00+00|2|1|34|1.1176|1.4706|33|1.1818|1.7273
179|2025-05-17 11:30:00+00|1|1|34|3.0000|0.7353|33|1.3939|1.5152
179|2025-05-17 11:30:00+00|2|2|34|1.7059|1.2059|34|2.0588|1.1176
144|2025-05-17 16:15:00+00|0|0|64|0.8906|1.4063|38|1.3421|1.8421
144|2025-05-17 18:45:00+00|0|4|64|1.3906|1.2188|64|1.7188|0.8594
144|2025-05-18 11:30:00+00|1|3|64|1.6094|0.9688|64|2.1719|0.9375
119|2025-05-18 12:00:00+00|2|3|30|1.0333|2.0333|47|1.4043|1.5745
119|2025-05-18 12:00:00+00|0|1|47|1.6809|1.5532|46|1.0870|1.6522
197|2025-05-18 12:00:00+00|0|1|36|1.1667|1.7778|34|1.3529|1.2059
179|2025-05-18 14:00:00+00|0|1|34|1.3235|1.5882|35|1.4286|1.1714
119|2025-05-18 14:00:00+00|5|1|30|1.3000|2.0333|47|0.9574|1.4043
144|2025-05-18 14:00:00+00|1|1|64|1.6406|1.3594|60|1.2500|1.2167
179|2025-05-18 14:00:00+00|1|1|33|1.0606|1.6970|33|1.1818|1.7576
179|2025-05-18 14:00:00+00|0|2|34|0.9706|1.7941|33|1.3939|2.1212
197|2025-05-18 15:00:00+00|1|3|38|0.6842|1.8947|36|0.7778|0.9444
119|2025-05-18 16:00:00+00|0|4|48|1.6458|1.3333|48|1.8125|1.1458
144|2025-05-18 16:30:00+00|1|4|65|1.5538|1.4000|65|1.4462|1.1846
197|2025-05-18 17:00:00+00|0|2|35|1.0000|1.3714|34|0.9118|1.5294
119|2025-05-19 17:00:00+00|1|2|47|1.8723|1.3404|47|2.0426|1.3617
197|2025-05-22 15:00:00+00|3|2|35|1.3429|1.1714|36|0.9722|1.3889
197|2025-05-22 15:00:00+00|1|0|36|0.8333|0.8889|36|1.1667|1.6667
197|2025-05-22 17:00:00+00|3|0|35|0.9429|1.4857|38|0.6316|1.8947
119|2025-05-24 13:00:00+00|1|2|47|1.4468|1.5319|47|1.6383|1.5532
119|2025-05-24 13:00:00+00|3|1|47|0.9149|1.4468|31|1.0645|2.0645
119|2025-05-24 13:00:00+00|2|3|47|1.0851|1.6170|31|1.4194|2.0000
103|2025-05-24 14:00:00+00|4|3|7|1.1429|1.8571|37|1.3243|1.0000
103|2025-05-24 16:00:00+00|4|0|36|2.3056|0.9722|39|1.7179|1.0769
144|2025-05-24 18:00:00+00|2|2|39|1.3077|1.7949|64|1.6094|1.3750
144|2025-05-24 18:00:00+00|0|0|64|1.6875|1.7188|64|0.8750|1.4063
144|2025-05-24 18:00:00+00|2|1|60|1.2167|1.2000|64|1.0000|1.2344
103|2025-05-25 12:30:00+00|2|1|38|1.0526|1.4737|38|1.8947|1.2105
103|2025-05-25 15:00:00+00|3|2|38|1.3947|1.4737|38|1.2368|1.3684
119|2025-05-25 15:00:00+00|3|0|48|1.8750|1.1042|47|1.8723|1.5745
119|2025-05-25 15:00:00+00|2|3|47|1.5745|1.5532|47|1.8298|1.3191
119|2025-05-25 15:00:00+00|3|2|47|2.0000|1.3617|47|1.6809|1.4255
103|2025-05-25 15:00:00+00|0|1|39|1.1026|1.4872|40|2.2500|1.4500
103|2025-05-25 15:00:00+00|0|1|38|1.5000|1.6842|38|1.2632|1.5263
144|2025-05-25 16:30:00+00|1|1|64|2.2031|0.9531|64|1.3750|1.2656
144|2025-05-25 16:30:00+00|3|1|64|1.7656|0.8438|65|1.5538|1.4462
144|2025-05-25 16:30:00+00|2|1|65|1.5077|1.1846|63|1.5714|1.0000
103|2025-05-25 17:15:00+00|0|2|39|0.9231|1.7179|39|1.8205|1.2308
103|2025-05-26 17:00:00+00|0|1|37|1.1081|1.3514|8|1.2500|1.6250
103|2025-05-28 17:00:00+00|0|2|38|1.3684|1.0789|39|1.5897|1.1538
103|2025-05-28 19:00:00+00|2|4|36|2.3611|0.9722|40|2.2500|1.3250
103|2025-05-29 16:00:00+00|0|3|39|1.8718|1.1538|38|1.8947|1.2368
144|2025-05-29 16:30:00+00|1|2|64|1.3750|1.2813|60|1.2500|1.2167
103|2025-05-31 14:00:00+00|0|3|38|1.2105|1.4474|38|1.0789|1.4737
103|2025-05-31 16:45:00+00|2|1|38|1.2632|1.5000|9|1.2222|1.4444
103|2025-06-01 12:30:00+00|1|1|39|1.3333|1.1026|38|1.5000|1.6579
103|2025-06-01 15:00:00+00|3|2|8|1.5000|2.0000|38|1.4474|1.5263
103|2025-06-01 15:00:00+00|1|1|40|1.6000|1.1250|38|1.0789|1.3421
103|2025-06-01 15:00:00+00|0|4|39|0.8462|1.7692|37|2.3514|1.0541
103|2025-06-01 15:00:00+00|4|2|40|1.8250|1.2000|40|1.0750|1.4750
119|2025-06-01 16:30:00+00|1|3|48|1.6875|1.4583|47|1.4681|1.5319
103|2025-06-01 17:15:00+00|0|1|39|1.9231|1.2051|41|2.2927|1.3415
103|2025-06-21 16:00:00+00|3|0|38|2.3947|1.0263|41|1.8780|1.2195
103|2025-06-22 12:30:00+00|2|3|10|1.2000|1.5000|40|1.8750|1.2000
103|2025-06-22 15:00:00+00|1|1|39|1.4872|1.6410|9|1.6667|2.0000
103|2025-06-22 15:00:00+00|4|0|39|1.4615|1.5641|40|0.8250|1.8250
103|2025-06-22 15:00:00+00|5|0|39|1.0769|1.3333|39|1.1795|1.4872
103|2025-06-22 15:00:00+00|4|1|41|1.0976|1.5366|41|1.5854|1.1220
103|2025-06-22 15:00:00+00|1|3|39|1.1282|1.4359|39|1.2821|1.4872
103|2025-06-22 17:15:00+00|3|0|42|2.2619|1.3095|40|1.3250|1.1000
103|2025-06-28 16:00:00+00|1|1|42|1.5714|1.1905|43|2.2791|1.2791
103|2025-06-29 12:30:00+00|0|0|41|0.8049|1.8780|42|1.1667|1.5238
103|2025-06-29 15:00:00+00|0|1|41|1.2927|1.1463|40|1.3250|1.4750
103|2025-06-29 15:00:00+00|2|3|41|1.9024|1.2195|40|1.1750|1.3000
103|2025-06-29 15:00:00+00|1|1|10|1.6000|1.9000|40|1.1250|1.4750
103|2025-06-29 15:00:00+00|1|2|39|2.4103|1.0000|40|1.4750|1.6250
103|2025-06-29 17:15:00+00|0|2|40|1.1500|1.5750|11|1.2727|1.6364
103|2025-06-30 17:00:00+00|1|0|42|1.8333|1.2619|40|1.5250|1.5250
103|2025-07-05 12:00:00+00|1|1|41|1.1220|1.4634|43|1.8140|1.2326
103|2025-07-05 14:00:00+00|1|0|44|2.2500|1.2727|41|1.1220|1.5854
103|2025-07-05 16:00:00+00|1|1|12|1.3333|1.5000|42|1.2619|1.1429
103|2025-07-05 18:00:00+00|1|1|43|1.1395|1.4884|40|2.3750|1.0250
103|2025-07-05 20:00:00+00|1|0|41|1.3171|1.4390|42|1.9048|1.2619
103|2025-07-06 12:30:00+00|3|1|41|1.4878|1.6098|42|0.7857|1.8333
103|2025-07-06 12:30:00+00|1|1|41|1.2195|1.3171|11|1.5455|1.8182
103|2025-07-06 12:30:00+00|2|0|41|1.4878|1.5122|43|1.5581|1.1860
103|2025-07-12 14:00:00+00|2|0|41|2.3415|1.0244|42|1.5000|1.4762
103|2025-07-12 16:00:00+00|4|2|43|1.2558|1.1395|43|1.8605|1.2558
103|2025-07-13 12:30:00+00|1|0|12|1.5000|1.7500|13|1.3077|1.4615
103|2025-07-13 15:00:00+00|0|0|44|1.1364|1.4773|42|1.5238|1.5952
103|2025-07-13 15:00:00+00|2|0|44|1.5227|1.2045|42|1.1190|1.4524
103|2025-07-13 15:00:00+00|2|3|42|1.0952|1.5714|42|1.3095|1.4048
103|2025-07-13 15:00:00+00|0|2|43|0.7907|1.8605|42|1.2143|1.3095
103|2025-07-13 17:15:00+00|3|1|44|1.7955|1.2273|45|2.2222|1.2444
103|2025-07-16 16:00:00+00|0|1|44|1.3182|1.1591|42|2.3333|1.0000
103|2025-07-18 16:00:00+00|2|2|43|1.4884|1.5581|45|1.5333|1.1778
119|2025-07-18 17:00:00+00|2|3|47|1.6596|1.4681|48|1.9167|1.0625
103|2025-07-19 12:00:00+00|2|0|43|1.2326|1.2791|45|1.8222|1.2222
103|2025-07-19 14:00:00+00|4|1|44|1.8636|1.3182|43|1.1163|1.6047
103|2025-07-19 16:00:00+00|2|4|46|2.1957|1.2826|43|2.3023|0.9767
119|2025-07-20 12:00:00+00|1|1|47|1.1277|1.6809|49|1.6735|1.4898
103|2025-07-20 12:30:00+00|3|0|14|1.2143|1.4286|44|0.7727|1.8636
119|2025-07-20 14:00:00+00|1|1|32|1.4688|2.0000|47|1.5745|1.5957
103|2025-07-20 15:00:00+00|3|1|43|1.3488|1.4186|13|1.4615|1.6154
103|2025-07-20 15:00:00+00|6|0|43|1.4651|1.4884|45|1.1111|1.4444
119|2025-07-20 16:00:00+00|3|3|47|1.9574|1.3830|15|1.0667|1.5333
103|2025-07-20 17:15:00+00|1|1|43|1.0930|1.4651|45|1.2889|1.1556
119|2025-07-20 18:00:00+00|3|0|47|1.8085|1.3617|48|1.5000|1.5208
103|2025-07-25 17:00:00+00|3|2|46|1.2826|1.1522|44|1.1136|1.6591
119|2025-07-25 17:00:00+00|1|2|48|1.5625|1.5833|50|1.6600|1.4800
144|2025-07-25 18:45:00+00|1|1|58|1.3448|1.2931|57|1.7544|0.8070
103|2025-07-26 14:00:00+00|0|5|46|1.0870|1.5435|44|1.2500|1.2500
103|2025-07-26 14:00:00+00|3|2|44|1.5682|1.4545|44|1.5000|1.5682
144|2025-07-26 14:00:00+00|0|0|40|1.3250|1.8000|53|1.2642|1.4340
103|2025-07-26 14:00:00+00|0|3|45|0.7556|1.8889|44|1.0909|1.4545
103|2025-07-26 16:00:00+00|7|2|44|2.3409|1.0000|15|1.3333|1.3333
119|2025-07-26 16:00:00+00|2|0|49|1.9388|1.0816|48|1.1250|1.6667
144|2025-07-27 11:30:00+00|5|2|57|1.5439|0.9825|57|1.6140|1.7018
119|2025-07-27 12:00:00+00|3|1|16|1.1875|1.6250|48|1.6667|1.5000
103|2025-07-27 12:30:00+00|1|3|14|1.4286|1.7143|47|2.1915|1.3404
103|2025-07-27 12:30:00+00|4|1|46|1.5435|1.1957|44|1.3864|1.4091
144|2025-07-27 14:00:00+00|2|2|57|1.0000|1.2456|54|1.2963|1.1296
119|2025-07-27 16:00:00+00|0|1|48|1.8750|1.6250|48|1.8333|1.3333
144|2025-07-27 16:30:00+00|2|1|57|2.1228|0.9825|58|1.4483|1.1897
144|2025-07-27 17:15:00+00|3|1|53|1.3208|1.7736|58|1.4828|1.4655
119|2025-07-28 17:00:00+00|6|2|48|1.9792|1.4167|33|1.4545|1.9697
103|2025-07-30 17:00:00+00|1|0|45|2.4444|1.0222|45|1.1333|1.6889
119|2025-08-01 18:00:00+00|4|0|49|1.1020|1.6735|17|1.2941|1.5882
144|2025-08-01 18:45:00+00|2|1|57|1.6491|1.4211|57|2.1404|0.9649
103|2025-08-02 14:00:00+00|0|0|45|1.3778|1.4667|47|1.3191|1.1702
103|2025-08-02 16:00:00+00|1|4|45|1.5111|1.6000|46|1.7826|1.2391
144|2025-08-02 16:15:00+00|1|1|57|0.9123|1.3509|41|1.2927|1.7561
179|2025-08-02 16:30:00+00|1|1|34|1.1765|1.7353|35|2.0571|1.1429
144|2025-08-03 11:30:00+00|1|1|58|1.4655|1.2069|58|1.3276|1.2931
119|2025-08-03 12:00:00+00|1|0|51|1.6667|1.4706|50|1.4400|1.5600
119|2025-08-03 12:00:00+00|3|2|34|1.4706|2.0882|49|1.8367|1.6122
103|2025-08-03 12:30:00+00|1|3|45|1.1333|1.4222|46|2.4130|1.0000
119|2025-08-03 14:00:00+00|0|0|49|1.5510|1.5918|49|2.0612|1.4286
179|2025-08-03 14:00:00+00|1|2|34|1.4118|2.0588|35|1.7143|1.2286
144|2025-08-03 14:00:00+00|0|2|53|1.1887|1.4151|57|1.6140|1.0175
103|2025-08-03 15:00:00+00|2|1|16|1.3750|1.6875|45|1.6000|1.4667
103|2025-08-03 15:00:00+00|4|1|45|1.3333|1.2222|47|1.5957|1.1915
103|2025-08-03 15:00:00+00|2|0|45|1.9111|1.3111|15|1.4000|1.8000
103|2025-08-03 15:00:00+00|2|0|46|1.1087|1.6739|46|0.7391|1.9130
179|2025-08-03 15:30:00+00|1|0|35|2.9429|0.7429|34|1.3824|1.5000
119|2025-08-03 16:00:00+00|0|2|49|1.8163|1.3061|49|1.6531|1.5306
144|2025-08-03 16:30:00+00|5|0|57|1.7544|0.8246|56|1.0000|1.2857
144|2025-08-03 17:15:00+00|1|1|54|1.3333|1.1481|52|1.3654|1.7500
179|2025-08-04 19:00:00+00|2|0|35|1.4286|1.1714|34|1.1765|1.7353
119|2025-08-08 16:00:00+00|2|3|51|1.9412|1.0392|50|1.5200|1.5600
119|2025-08-08 18:00:00+00|1|0|50|1.6600|1.5000|35|1.5143|2.0857
144|2025-08-08 18:45:00+00|2|0|53|1.3585|1.7358|42|1.2857|1.7381
144|2025-08-09 14:00:00+00|2|0|57|2.0877|1.0000|53|1.1509|1.4340
103|2025-08-09 14:00:00+00|1|0|46|1.9130|1.2826|46|1.1304|1.4565
179|2025-08-09 14:00:00+00|0|0|35|1.3429|1.4857|35|1.1714|1.7143
144|2025-08-09 16:15:00+00|0|1|57|1.6667|1.7193|57|1.6667|1.4211
179|2025-08-09 16:45:00+00|1|1|36|2.0278|1.1389|35|1.4000|2.0571
103|2025-08-09 17:15:00+00|1|1|47|2.4255|1.0000|46|1.3478|1.4348
144|2025-08-09 18:45:00+00|2|3|58|1.5000|1.4655|57|1.8070|0.7895
179|2025-08-10 11:30:00+00|0|2|35|1.1429|1.7429|36|2.8889|0.7222
119|2025-08-10 14:00:00+00|4|2|51|1.4118|1.5490|50|1.8400|1.6400
179|2025-08-10 14:00:00+00|2|2|36|1.7222|1.2222|36|1.3056|1.5833
179|2025-08-10 14:00:00+00|2|3|36|1.1667|1.4722|36|1.4444|1.1389
103|2025-08-10 15:00:00+00|0|0|16|1.3125|1.8125|46|1.3913|1.2174
103|2025-08-10 15:00:00+00|3|2|47|0.7234|1.9149|46|1.5000|1.6522
119|2025-08-10 16:00:00+00|2|1|50|1.7800|1.3200|50|1.1600|1.6400
144|2025-08-10 16:30:00+00|2|1|56|0.9107|1.3571|57|1.4386|1.2105
103|2025-08-10 17:15:00+00|1|2|46|1.5870|1.4783|48|2.2083|1.3333
144|2025-08-10 17:15:00+00|3|1|58|1.2759|1.3103|57|0.9825|1.3509
119|2025-08-11 17:00:00+00|3|2|17|1.1765|1.7647|51|1.6275|1.4510
119|2025-08-15 16:00:00+00|1|3|50|1.8200|1.6800|51|1.9216|1.0980
103|2025-08-15 17:00:00+00|0|5|47|1.1277|1.6383|48|2.3958|1.0000
144|2025-08-15 18:45:00+00|1|2|57|1.0000|1.4035|58|1.4310|1.2241
144|2025-08-16 16:15:00+00|1|1|57|1.6667|1.4211|58|1.5000|1.5172
144|2025-08-16 18:45:00+00|3|0|57|1.8070|0.8070|57|0.9298|1.3509
144|2025-08-17 11:30:00+00|0|2|43|1.2558|1.7442|57|1.5614|1.0351
119|2025-08-17 12:00:00+00|0|2|50|1.1800|1.6800|50|2.0800|1.4400
103|2025-08-17 12:30:00+00|1|2|47|1.3404|1.4255|47|1.8298|1.2340
119|2025-08-17 14:00:00+00|2|3|50|1.6600|1.4600|51|1.4902|1.5294
103|2025-08-17 15:00:00+00|1|0|47|1.1064|1.4468|17|1.2353|1.7059
103|2025-08-17 15:00:00+00|2|2|47|1.0638|1.6170|47|1.5745|1.4894
103|2025-08-17 15:00:00+00|0|0|47|1.3617|1.1915|47|1.8936|1.2553
119|2025-08-17 16:00:00+00|0|2|51|1.6471|1.5098|50|1.8000|1.3400
144|2025-08-17 16:30:00+00|1|1|53|1.3585|1.1321|58|1.3276|1.3103
144|2025-08-17 17:15:00+00|4|1|53|1.1321|1.4528|57|1.6316|1.7193
103|2025-08-17 17:15:00+00|4|0|17|1.4118|1.6471|47|1.5106|1.6809
119|2025-08-18 17:00:00+00|1|5|17|1.3529|1.7059|50|1.5800|1.6000
103|2025-08-22 17:00:00+00|2|2|48|1.3333|1.1667|48|1.1042|1.4167
179|2025-08-23 14:00:00+00|0|0|37|1.3243|1.5946|36|1.3889|2.0278
179|2025-08-23 14:00:00+00|3|3|37|1.4865|1.1622|36|1.1389|1.6667
119|2025-08-23 16:00:00+00|1|1|51|1.9412|1.1176|18|1.3333|1.8889
144|2025-08-23 16:15:00+00|0|3|57|0.9123|1.3684|53|1.1698|1.4717
197|2025-08-23 17:00:00+00|2|0|35|1.3714|1.0286|37|1.0000|1.4324
197|2025-08-23 17:00:00+00|2|0|36|1.8333|0.7500|33|1.0909|1.2121
197|2025-08-23 19:00:00+00|0|2|37|0.8378|0.8649|33|1.1818|1.1515
179|2025-08-24 11:00:00+00|1|1|36|1.3056|1.4444|37|2.0000|1.1351
144|2025-08-24 11:30:00+00|2|1|58|1.3103|1.2931|57|1.6316|1.4386
119|2025-08-24 12:00:00+00|4|2|49|2.0612|1.4286|51|1.5490|1.5294
119|2025-08-24 12:00:00+00|1|0|5|2.0000|2.0000|52|1.6154|1.5192
103|2025-08-24 12:30:00+00|2|3|48|0.7708|1.9167|18|1.5556|1.5556
119|2025-08-24 14:00:00+00|2|0|37|1.4865|2.0811|50|1.7800|1.3400
103|2025-08-24 15:00:00+00|2|2|18|1.1667|1.6667|48|1.1042|1.7083
119|2025-08-24 16:00:00+00|1|0|50|1.6400|1.5600|50|1.1400|1.7200
197|2025-08-24 17:15:00+00|2|0|35|1.5143|0.9429|37|1.1351|1.6486
103|2025-08-24 17:15:00+00|2|0|48|1.8542|1.2292|48|1.3333|1.4375
144|2025-08-24 17:15:00+00|0|1|44|1.2273|1.7500|57|1.0000|1.4211
103|2025-08-25 17:00:00+00|0|1|48|1.4792|1.7292|48|1.0833|1.6250
119|2025-08-25 17:00:00+00|1|0|50|1.8400|1.7000|49|1.6327|1.5102
119|2025-08-29 17:00:00+00|1|2|50|1.1200|1.7200|50|1.6000|1.5000
144|2025-08-29 18:45:00+00|1|1|53|1.1887|1.4151|53|1.4340|1.6226
179|2025-08-30 14:00:00+00|2|2|37|1.1892|1.7027|38|1.2895|1.5526
144|2025-08-30 14:00:00+00|3|2|57|1.5965|1.4386|5|0.4000|1.0000
103|2025-08-30 16:00:00+00|3|2|19|1.6316|1.5789|19|1.2105|1.6842
197|2025-08-30 16:00:00+00|0|2|38|0.9737|1.4474|37|1.8378|0.7297
144|2025-08-30 16:15:00+00|2|0|56|1.6786|1.7857|58|1.2931|1.3103
197|2025-08-30 16:30:00+00|0|1|38|1.1053|1.6579|33|1.2424|1.4848
197|2025-08-30 18:00:00+00|0|2|36|1.3889|1.0000|38|0.8158|0.8947
144|2025-08-30 18:45:00+00|3|1|53|1.3585|1.1509|45|1.2000|1.7333
179|2025-08-31 11:00:00+00|0|0|38|1.9737|1.1316|38|2.8684|0.6842
144|2025-08-31 11:30:00+00|1|1|57|1.4737|1.4561|56|2.0893|0.9643
119|2025-08-31 12:00:00+00|4|1|50|1.6400|1.5400|6|1.8333|1.6667
119|2025-08-31 12:00:00+00|0|2|51|1.5686|1.5490|38|1.5000|2.0263
103|2025-08-31 12:30:00+00|2|2|49|1.0816|1.5918|48|1.8333|1.2292
179|2025-08-31 13:00:00+00|0|2|37|1.3514|1.9730|37|1.1892|1.5135
119|2025-08-31 14:00:00+00|1|2|18|1.3333|1.8889|49|1.7959|1.6939
144|2025-08-31 14:00:00+00|1|0|57|1.0175|1.3860|57|0.8421|1.3860
179|2025-08-31 14:00:00+00|1|1|37|1.7297|1.2432|37|1.2973|1.4324
103|2025-08-31 15:00:00+00|1|2|48|1.5833|1.5000|49|2.4490|0.9796
103|2025-08-31 15:00:00+00|2|2|48|1.2917|1.1458|49|0.7959|1.9388
103|2025-08-31 15:00:00+00|2|0|49|1.3061|1.4490|49|1.3469|1.1837
103|2025-08-31 15:00:00+00|2|1|49|2.2041|1.3265|48|1.5833|1.2500
103|2025-08-31 15:00:00+00|1|3|49|1.1224|1.4286|49|1.4490|1.7143
119|2025-08-31 16:00:00+00|1|5|52|1.6154|1.4808|51|1.9608|1.0980
144|2025-08-31 16:30:00+00|2|0|57|1.7895|0.7895|56|1.5714|1.0357
197|2025-08-31 17:00:00+00|1|0|36|1.5278|0.9167|34|1.0588|1.2353
103|2025-08-31 17:15:00+00|3|1|49|1.1224|1.7143|49|1.8571|1.2041
144|2025-08-31 17:15:00+00|3|2|57|1.4737|1.2105|5|1.0000|1.8000
197|2025-08-31 18:00:00+00|1|0|37|2.0000|1.1081|34|1.2059|1.1176
119|2025-08-31 18:00:00+00|1|3|50|1.7600|1.3600|50|2.1000|1.4400
197|2025-08-31 19:00:00+00|1|1|35|1.2857|1.1143|37|1.4324|1.2162
103|2025-09-12 17:00:00+00|7|1|50|2.4400|0.9800|50|1.1000|1.6000
119|2025-09-12 17:00:00+00|0|1|39|1.5128|1.9744|51|1.6471|1.5686
144|2025-09-12 18:45:00+00|1|1|56|0.7857|1.4107|56|1.6250|1.4643
119|2025-09-13 13:00:00+00|2|1|49|1.6939|1.4082|50|1.9800|1.1400
144|2025-09-13 14:00:00+00|2|0|6|1.1667|2.0000|56|1.0179|1.3571
103|2025-09-13 14:00:00+00|1|2|50|1.8400|1.2400|49|1.3061|1.1633
179|2025-09-13 14:00:00+00|1|1|38|1.3158|1.9737|38|1.2105|1.7105
179|2025-09-13 14:00:00+00|0|2|39|1.9231|1.1026|39|1.5385|1.2051
197|2025-09-13 15:00:00+00|5|0|38|1.8421|0.7105|39|1.0769|1.6410
103|2025-09-13 16:00:00+00|3|2|49|1.8367|1.2449|20|1.7000|1.6000
144|2025-09-13 16:15:00+00|0|1|46|1.1957|1.7609|56|1.8214|0.7679
179|2025-09-13 16:45:00+00|3|3|38|1.7105|1.2368|38|1.2105|1.4737
197|2025-09-13 17:00:00+00|1|2|35|1.1714|1.1143|37|1.3514|1.0270
197|2025-09-13 17:00:00+00|1|2|39|0.8462|0.8718|39|0.9487|1.4615
144|2025-09-13 18:45:00+00|1|0|6|0.6667|1.3333|55|2.0727|0.9455
144|2025-09-14 11:30:00+00|1|2|57|1.2807|1.3509|56|1.4107|1.4821
119|2025-09-14 12:00:00+00|1|2|49|1.6531|1.4694|49|1.7143|1.5918
103|2025-09-14 12:30:00+00|0|2|20|1.2500|1.7500|50|1.3200|1.4200
144|2025-09-14 14:00:00+00|2|3|52|1.1538|1.4615|52|1.4423|1.0962
179|2025-09-14 14:00:00+00|1|2|39|1.3077|1.5641|39|2.7949|0.6667
119|2025-09-14 14:00:00+00|1|0|49|1.8163|1.6939|49|2.1224|1.4898
103|2025-09-14 15:00:00+00|2|2|50|1.3200|1.2000|50|2.2000|1.3200
103|2025-09-14 15:00:00+00|2|1|50|1.4800|1.7000|49|1.5714|1.5102
103|2025-09-14 15:00:00+00|1|2|50|1.1200|1.4600|50|1.1600|1.7000
119|2025-09-14 16:00:00+00|2|1|50|1.5800|1.5200|17|1.4118|2.0000
144|2025-09-14 16:30:00+00|1|1|55|1.5455|1.0727|56|1.5179|1.2500
197|2025-09-14 17:00:00+00|0|1|38|1.4211|1.2105|37|1.5135|0.8919
103|2025-09-14 17:15:00+00|0|3|50|0.8200|1.9400|49|1.5714|1.2653
144|2025-09-14 17:15:00+00|0|3|52|1.4423|1.6346|55|1.7091|1.7455
197|2025-09-14 18:30:00+00|1|2|34|1.2353|1.4412|38|1.9737|1.0789
119|2025-09-15 17:00:00+00|1|1|7|1.7143|2.0000|49|1.1633|1.7143
144|2025-09-17 18:30:00+00|0|1|57|1.5088|1.2456|53|1.4717|1.1132
119|2025-09-19 17:00:00+00|3|2|18|1.3889|2.0000|8|1.6250|1.8750
144|2025-09-19 18:45:00+00|3|0|57|1.4211|1.4737|47|1.1702|1.7447
103|2025-09-20 12:00:00+00|1|1|50|1.3200|1.1600|21|1.1905|1.7619
144|2025-09-20 14:00:00+00|1|2|57|1.0000|1.3684|7|0.7143|1.1429
103|2025-09-20 14:00:00+00|0|3|50|1.5600|1.5200|50|1.8600|1.2600
179|2025-09-20 14:00:00+00|3|2|39|1.3077|1.9487|5|1.2000|1.6000
197|2025-09-20 15:00:00+00|1|1|40|1.0500|1.7250|36|1.1667|1.1389
119|2025-09-20 16:00:00+00|2|0|50|2.0800|1.4800|50|1.6400|1.4800
103|2025-09-20 16:00:00+00|1|1|21|1.7143|1.6667|51|1.3333|1.2157
144|2025-09-20 16:15:00+00|1|2|54|1.4630|1.0926|7|1.2857|1.7143
197|2025-09-20 17:00:00+00|2|1|40|0.9750|1.4500|36|1.0556|1.2500
197|2025-09-20 17:30:00+00|0|0|39|1.9744|1.0769|40|0.8500|0.9000
144|2025-09-20 18:45:00+00|0|0|56|1.5357|1.0714|58|1.2759|1.3621
144|2025-09-21 11:30:00+00|1|2|58|1.4828|1.2414|57|1.8070|0.7544
119|2025-09-21 12:00:00+00|2|2|50|1.1600|1.7000|40|1.4750|1.9500
103|2025-09-21 12:30:00+00|1|1|50|1.6000|1.2400|51|2.5294|0.9804
144|2025-09-21 14:00:00+00|0|2|56|1.7321|1.7143|56|0.7857|1.3393
119|2025-09-21 14:00:00+00|3|3|51|1.9608|1.1569|51|1.5882|1.5098
103|2025-09-21 15:00:00+00|1|0|51|1.3333|1.3922|51|1.1176|1.4706
103|2025-09-21 15:00:00+00|2|1|51|1.1765|1.6863|51|1.4902|1.6863
197|2025-09-21 15:00:00+00|4|0|39|1.3846|1.2051|35|1.2286|1.4571
103|2025-09-21 15:00:00+00|2|0|51|1.0980|1.7059|51|0.8039|1.9608
119|2025-09-21 16:00:00+00|1|0|50|1.7200|1.5800|50|1.7000|1.4000
144|2025-09-21 16:30:00+00|2|0|56|2.0357|0.9464|53|1.4151|1.6604
103|2025-09-21 17:15:00+00|1|0|51|2.1961|1.3333|51|1.8235|1.2549
144|2025-09-21 17:15:00+00|0|0|57|1.6140|1.4561|53|1.1698|1.4906
197|2025-09-21 18:00:00+00|1|1|37|1.2973|1.1622|39|1.9231|0.6923
119|2025-09-22 17:00:00+00|3|0|51|1.5490|1.5294|50|1.8000|1.6600
144|2025-09-23 18:30:00+00|1|0|56|1.5179|1.0714|57|1.3860|1.4561
179|2025-09-23 18:45:00+00|2|0|39|1.2564|1.5128|38|1.0526|1.6842
144|2025-09-24 18:30:00+00|5|5|56|2.0536|0.9286|56|1.7321|1.7143
144|2025-09-26 18:45:00+00|1|1|57|0.9825|1.3509|57|1.5088|1.0526
144|2025-09-27 14:00:00+00|2|0|8|1.3750|1.6250|58|1.2759|1.3448
179|2025-09-27 14:00:00+00|3|0|40|1.5500|1.1750|5|1.4000|1.8000
179|2025-09-27 14:00:00+00|0|0|40|2.7750|0.6750|40|1.7500|1.3000
179|2025-09-27 14:00:00+00|1|0|39|1.3077|1.4103|40|1.3500|1.9500
179|2025-09-27 14:00:00+00|0|2|40|1.2750|1.4750|40|1.3000|1.5750
197|2025-09-27 15:00:00+00|3|2|40|1.9000|0.7000|40|1.4500|1.1750
103|2025-09-27 16:00:00+00|3|3|51|1.5098|1.7059|51|2.1961|1.3333
119|2025-09-27 16:00:00+00|1|2|41|1.4878|1.9512|51|2.0000|1.1765
144|2025-09-27 16:15:00+00|1|2|57|0.8070|1.3158|57|2.1053|1.0000
179|2025-09-27 16:45:00+00|2|0|39|1.2051|1.6923|39|1.0256|1.6923
197|2025-09-27 17:30:00+00|1|1|39|1.3590|1.0000|41|1.0488|1.7073
144|2025-09-27 18:45:00+00|2|0|57|1.8421|0.7544|57|1.7895|1.7719
144|2025-09-28 11:30:00+00|1|2|52|1.3462|1.6923|58|1.4828|1.2759
119|2025-09-28 12:00:00+00|2|1|50|1.5800|1.5000|9|1.6667|2.0000
103|2025-09-28 12:30:00+00|1|0|50|1.8400|1.2200|50|1.3400|1.1400
119|2025-09-28 14:00:00+00|1|1|51|1.6078|1.5294|50|1.1800|1.7400
179|2025-09-28 14:00:00+00|1|2|6|1.3333|1.8333|40|1.8750|1.1250
144|2025-09-28 14:00:00+00|2|4|53|1.1509|1.4717|58|1.3621|1.4483
197|2025-09-28 14:00:00+00|1|0|39|1.4872|0.8718|41|1.0000|1.4390
103|2025-09-28 15:00:00+00|2|0|22|1.1818|1.7273|51|1.0784|1.6667
103|2025-09-28 15:00:00+00|3|1|51|1.3137|1.3137|51|1.2157|1.6275
103|2025-09-28 15:00:00+00|4|0|51|1.0980|1.4706|50|1.5800|1.2600
197|2025-09-28 16:00:00+00|1|3|36|1.1944|1.5278|5|1.2000|1.8000
119|2025-09-28 16:00:00+00|1|2|50|1.7400|1.6800|50|1.7000|1.5400
144|2025-09-28 16:30:00+00|0|2|54|1.4815|1.1296|56|1.5536|1.3929
144|2025-09-28 17:15:00+00|0|0|48|1.1458|1.7708|8|0.8750|1.1250
103|2025-09-28 17:15:00+00|4|1|51|1.7451|1.2745|22|1.6818|1.6364
197|2025-09-28 17:30:00+00|3|3|37|1.0541|1.2703|40|1.9250|1.0500
197|2025-09-28 18:00:00+00|1|2|41|0.8293|0.8780|38|1.2895|1.1579
119|2025-09-28 18:00:00+00|5|1|50|1.6600|1.4000|17|1.6471|2.1765
119|2025-09-29 17:00:00+00|2|1|49|2.1020|1.4490|51|1.5490|1.5098
103|2025-09-29 17:00:00+00|2|3|50|0.7800|1.9800|50|1.5600|1.5400
103|2025-10-01 17:00:00+00|2|1|50|1.3400|1.2200|50|1.3000|1.1600
119|2025-10-03 17:00:00+00|1|1|18|1.6111|2.3333|42|1.4762|1.9524
144|2025-10-03 18:45:00+00|2|1|58|1.3793|1.4828|55|1.4545|1.1455
103|2025-10-04 12:00:00+00|1|0|23|1.6522|1.7391|52|1.3462|1.3077
179|2025-10-04 14:00:00+00|1|1|41|1.2439|1.4878|7|1.2857|1.8571
144|2025-10-04 14:00:00+00|1|3|57|1.5614|1.3684|53|1.3396|1.6981
179|2025-10-04 14:00:00+00|2|0|41|1.3171|1.5366|40|1.3000|1.3750
103|2025-10-04 14:00:00+00|1|0|51|1.5882|1.5490|23|1.2174|1.6522
197|2025-10-04 15:00:00+00|3|0|37|1.1892|1.5676|40|1.3500|1.0000
197|2025-10-04 15:00:00+00|2|1|42|1.0476|1.6905|38|1.1053|1.3158
103|2025-10-04 16:00:00+00|2|1|51|1.0588|1.6863|51|1.8039|1.2941
144|2025-10-04 16:15:00+00|0|0|9|0.7778|1.0000|9|1.4444|1.4444
179|2025-10-04 16:45:00+00|1|0|41|1.5854|1.1463|41|1.7073|1.2683
197|2025-10-04 17:30:00+00|2|5|5|1.0000|1.2000|42|0.9762|1.4286
144|2025-10-04 18:45:00+00|1|1|58|1.2759|1.3621|53|1.1321|1.5094
144|2025-10-05 11:30:00+00|1|0|57|1.5088|1.0175|56|0.7857|1.3214
119|2025-10-05 12:00:00+00|0|3|50|1.1800|1.7400|50|1.7200|1.7000
119|2025-10-05 12:00:00+00|2|1|52|1.5385|1.5192|49|1.5714|1.5102
103|2025-10-05 12:30:00+00|3|0|51|2.2549|1.3725|50|1.8600|1.1800
179|2025-10-05 14:00:00+00|3|2|41|2.7073|0.6585|40|1.2250|1.6500
144|2025-10-05 14:00:00+00|2|1|58|1.5000|1.2931|49|1.1224|1.7347
119|2025-10-05 14:00:00+00|3|1|50|1.7400|1.5400|51|1.6078|1.5294
179|2025-10-05 14:00:00+00|4|0|40|1.0000|1.7000|41|1.3171|1.9268
179|2025-10-05 14:00:00+00|1|1|6|1.1667|2.0000|41|1.8780|1.1220
103|2025-10-05 15:00:00+00|2|0|50|2.5400|1.0200|51|0.8039|2.0000
103|2025-10-05 15:00:00+00|1|1|51|1.2941|1.1765|51|1.1765|1.4510
197|2025-10-05 15:00:00+00|2|3|6|1.5000|1.6667|40|1.4750|0.8500
197|2025-10-05 15:00:00+00|6|0|41|1.4634|1.2195|42|0.8333|0.9048
103|2025-10-05 15:00:00+00|1|1|51|1.2157|1.6863|51|1.3529|1.2157
119|2025-10-05 16:00:00+00|1|1|51|2.0196|1.1569|50|2.1000|1.4400
144|2025-10-05 16:30:00+00|1|0|57|2.0877|1.0000|57|1.8421|0.7018
103|2025-10-05 17:15:00+00|2|3|50|1.5800|1.3200|50|1.5600|1.7400
144|2025-10-05 17:15:00+00|2|0|56|1.7857|1.7321|57|1.0000|1.3684
197|2025-10-05 17:30:00+00|2|1|41|1.9512|1.0976|41|1.9268|0.7317
119|2025-10-05 18:00:00+00|0|2|10|1.6000|2.0000|50|1.7400|1.4000
197|2025-10-05 18:30:00+00|1|0|39|1.3077|1.1538|38|1.1579|1.1316
119|2025-10-17 17:00:00+00|3|1|50|1.6600|1.5600|50|2.0000|1.1600
103|2025-10-18 12:00:00+00|2|5|50|1.6200|1.7400|49|2.5102|1.0204
144|2025-10-18 14:00:00+00|0|0|10|0.7000|0.9000|55|1.7818|1.6909
197|2025-10-18 14:00:00+00|0|2|6|1.1667|1.8333|42|1.9048|0.7619
103|2025-10-18 14:00:00+00|2|2|24|1.1667|1.6250|49|1.5714|1.3878
179|2025-10-18 14:00:00+00|4|0|42|1.6667|1.2619|8|1.2500|1.7500
179|2025-10-18 14:00:00+00|1|2|41|1.2439|1.6829|7|1.1429|1.8571
179|2025-10-18 14:00:00+00|2|2|42|1.8571|1.1190|42|1.2381|1.4762
179|2025-10-18 14:00:00+00|0|1|41|1.2683|1.3902|41|1.0732|1.6585
103|2025-10-18 16:00:00+00|4|1|48|1.8542|1.2708|50|0.7800|2.0200
144|2025-10-18 16:15:00+00|0|1|55|0.9636|1.4182|55|2.0182|1.0182
197|2025-10-18 16:30:00+00|2|2|39|1.1282|1.1282|42|1.5714|1.1905
179|2025-10-18 16:45:00+00|0|3|42|1.3333|1.5000|42|1.5714|1.1190
197|2025-10-18 17:00:00+00|4|2|43|0.8140|1.0233|38|1.2368|1.5263
144|2025-10-18 18:45:00+00|3|1|55|1.8182|0.6727|54|1.4444|1.1852
179|2025-10-19 11:00:00+00|2|0|42|1.2857|1.9762|42|2.7143|0.6905
144|2025-10-19 11:30:00+00|2|2|51|1.1765|1.4902|56|1.5357|1.2500
119|2025-10-19 12:00:00+00|1|2|49|1.5510|1.5306|17|1.5882|2.2353
119|2025-10-19 12:00:00+00|1|0|49|1.6531|1.6939|51|1.5294|1.5098
103|2025-10-19 12:30:00+00|1|3|51|1.3725|1.3137|50|2.3200|1.3600
197|2025-10-19 13:00:00+00|2|2|39|1.1026|1.3333|7|1.5714|1.8571
144|2025-10-19 14:00:00+00|1|3|50|1.1200|1.7400|55|1.5636|1.3818
119|2025-10-19 14:00:00+00|3|3|49|1.7347|1.3673|49|1.7551|1.4082
197|2025-10-19 14:30:00+00|2|1|43|1.0698|1.4419|43|1.0698|1.6744
103|2025-10-19 15:00:00+00|1|3|49|1.8163|1.3265|50|1.6000|1.5200
103|2025-10-19 15:00:00+00|2|1|49|1.2449|1.4694|24|1.6250|1.6667
103|2025-10-19 15:00:00+00|1|1|50|1.3400|1.2000|50|1.1000|1.7000
119|2025-10-19 16:00:00+00|5|1|49|2.1020|1.4082|48|1.1667|1.7708
197|2025-10-19 16:30:00+00|1|1|41|1.3171|1.0488|40|1.3000|1.1250
144|2025-10-19 16:30:00+00|2|2|50|1.4000|1.6800|55|1.4727|1.0000
103|2025-10-19 17:15:00+00|0|3|50|1.1800|1.7200|50|1.2800|1.1600
144|2025-10-19 17:15:00+00|4|1|10|1.3000|1.3000|56|1.3571|1.5000
197|2025-10-19 18:00:00+00|0|2|41|1.5122|0.8780|42|1.9524|1.0952
144|2025-10-20 13:00:00+00|1|0|54|0.7407|1.3148|56|1.3214|1.3214
119|2025-10-20 17:00:00+00|3|0|43|1.4651|1.9302|11|1.4545|2.0000
119|2025-10-24 17:00:00+00|1|0|49|1.7755|1.4082|49|1.6531|1.6735
144|2025-10-24 18:45:00+00|1|0|54|1.4259|1.2222|55|1.4909|1.0182
179|2025-10-25 14:00:00+00|3|1|43|1.2558|1.4884|42|1.2381|1.3810
197|2025-10-25 14:00:00+00|1|1|8|1.6250|1.8750|44|0.8864|1.0455
103|2025-10-25 14:00:00+00|5|1|50|2.3200|1.3200|25|1.2000|1.6400
144|2025-10-25 14:00:00+00|1|1|55|1.7455|1.6364|51|1.1176|1.7647
179|2025-10-25 14:00:00+00|1|2|9|1.1111|2.0000|42|1.2381|1.6905
179|2025-10-25 14:00:00+00|2|1|8|1.2500|1.7500|43|1.3023|1.9302
103|2025-10-25 16:00:00+00|2|1|50|1.6000|1.8400|50|1.3600|1.2200
144|2025-10-25 16:15:00+00|1|1|55|1.5636|1.4000|55|0.9636|1.3818
197|2025-10-25 16:30:00+00|0|2|44|1.0682|1.6818|7|1.0000|1.8571
197|2025-10-25 17:00:00+00|1|3|39|1.2564|1.5897|40|1.1500|1.1500
144|2025-10-25 18:45:00+00|4|0|56|1.3214|1.5357|55|0.7455|1.2909
179|2025-10-26 12:00:00+00|3|1|43|1.6047|1.0930|43|2.6512|0.7209
144|2025-10-26 12:30:00+00|0|1|56|1.3036|1.2679|55|1.9818|1.0182
119|2025-10-26 13:00:00+00|1|2|49|1.1633|1.8367|50|1.6600|1.5800
119|2025-10-26 13:00:00+00|0|4|12|1.3333|2.0833|49|2.2041|1.3673
103|2025-10-26 13:30:00+00|2|3|49|1.5918|1.3673|48|1.9375|1.2917
179|2025-10-26 14:30:00+00|1|2|42|1.0714|1.6190|43|1.7209|1.2326
197|2025-10-26 15:00:00+00|1|1|43|1.5814|1.2093|41|1.3171|1.0732
119|2025-10-26 15:00:00+00|0|0|51|1.5294|1.5294|44|1.5000|1.8864
144|2025-10-26 15:00:00+00|1|1|51|1.1961|1.5098|11|1.5455|1.2727
179|2025-10-26 15:00:00+00|3|1|43|1.8605|1.1395|43|1.3023|1.5349
197|2025-10-26 15:30:00+00|2|0|40|1.3250|1.1250|40|1.1250|1.3500
103|2025-10-26 16:00:00+00|2|3|50|0.7800|2.0600|51|1.3922|1.3137
103|2025-10-26 16:00:00+00|1|3|50|1.0800|1.6800|49|1.2653|1.4694
103|2025-10-26 16:00:00+00|4|1|49|2.5510|1.0408|49|1.7959|1.3673
103|2025-10-26 16:00:00+00|0|0|50|1.6600|1.5200|50|1.3200|1.1600
119|2025-10-26 17:00:00+00|0|0|50|1.9600|1.1800|49|1.5714|1.5714
144|2025-10-26 17:30:00+00|1|1|56|1.5714|1.2321|11|0.6364|0.8182
197|2025-10-26 17:30:00+00|3|0|42|1.9286|1.0476|44|1.0909|1.4318
144|2025-10-26 18:15:00+00|2|0|55|1.8000|0.6727|50|1.4000|1.6800
103|2025-10-26 18:15:00+00|2|1|25|1.6000|1.6800|50|1.1400|1.7400
197|2025-10-26 19:00:00+00|2|0|42|1.8571|0.7381|41|1.4634|0.8537
119|2025-10-27 18:00:00+00|1|4|17|1.6471|2.1765|48|1.7708|1.3750
103|2025-10-29 18:00:00+00|1|2|48|1.9375|1.3333|49|2.6122|1.0612
179|2025-10-29 19:45:00+00|0|1|44|1.2955|1.5682|43|1.0698|1.6279
179|2025-10-29 19:45:00+00|4|0|44|2.6136|0.7727|9|1.3333|1.6667
179|2025-10-29 19:45:00+00|2|2|43|1.2326|1.4186|44|1.6364|1.0909
179|2025-10-29 19:45:00+00|2|0|43|1.2558|1.6744|44|1.2955|1.4773
179|2025-10-29 19:45:00+00|0|1|44|1.7273|1.2273|44|1.8864|1.1364
103|2025-10-29 20:00:00+00|1|1|49|1.6327|1.3673|50|1.6000|1.5000
144|2025-10-31 19:45:00+00|3|1|55|0.7273|1.3091|54|1.3889|1.2037
103|2025-11-01 15:00:00+00|3|1|26|1.6154|1.6538|50|2.6000|1.0600
179|2025-11-01 15:00:00+00|2|2|10|1.1000|2.0000|45|1.6889|1.2222
179|2025-11-01 15:00:00+00|4|0|45|1.6444|1.1111|44|1.2955|1.9318
144|2025-11-01 15:00:00+00|1|4|12|1.5000|1.2500|55|1.8364|0.6727
179|2025-11-01 15:00:00+00|3|1|10|1.2000|1.9000|45|1.2667|1.5556
197|2025-11-01 16:00:00+00|1|0|45|1.0667|1.4667|41|1.3415|1.0976
103|2025-11-01 17:00:00+00|4|2|49|1.7959|1.3878|50|1.6200|1.3600
119|2025-11-01 17:00:00+00|3|2|50|1.9000|1.1800|13|1.2308|2.2308
144|2025-11-01 17:15:00+00|2|1|55|1.9636|1.0000|52|1.1154|1.7500
197|2025-11-01 17:30:00+00|1|2|41|1.1951|1.1463|9|1.5556|1.7778
197|2025-11-01 18:00:00+00|2|1|43|1.8605|0.7209|42|1.3095|1.0714
144|2025-11-01 19:45:00+00|3|1|55|1.4909|1.0364|55|1.5455|1.3455
144|2025-11-02 12:30:00+00|0|1|54|1.6667|1.6481|56|1.5714|1.1786
119|2025-11-02 13:00:00+00|3|2|49|1.5510|1.5714|51|1.5098|1.4902
103|2025-11-02 13:30:00+00|1|2|50|1.1600|1.7600|50|2.3800|1.3200
119|2025-11-02 15:00:00+00|2|1|45|1.4667|1.8444|49|1.1224|1.8367
144|2025-11-02 15:00:00+00|4|0|55|0.9273|1.3818|56|1.3214|1.5000
197|2025-11-02 15:30:00+00|0|2|8|1.1250|1.6250|44|1.5682|1.2045
103|2025-11-02 16:00:00+00|3|1|49|1.3061|1.4694|51|1.5882|1.4902
103|2025-11-02 16:00:00+00|3|1|50|1.2800|1.1600|50|1.0800|1.7200
103|2025-11-02 16:00:00+00|2|1|26|1.1923|1.7692|49|1.9184|1.3469
103|2025-11-02 16:00:00+00|1|4|50|1.3600|1.2600|50|0.8200|2.1000
119|2025-11-02 17:00:00+00|2|4|49|1.5918|1.6735|16|1.6250|2.2500
144|2025-11-02 17:30:00+00|1|0|51|1.3725|1.6863|56|1.2857|1.2500
197|2025-11-02 17:30:00+00|0|5|44|1.0227|1.7273|43|1.9535|1.0233
144|2025-11-02 18:15:00+00|2|1|12|0.6667|0.8333|51|1.1373|1.5098
103|2025-11-02 18:15:00+00|4|0|51|1.4314|1.3137|50|1.6200|1.8600
197|2025-11-02 19:00:00+00|1|0|42|1.4286|0.8810|44|0.8636|1.0455
119|2025-11-02 19:00:00+00|0|2|50|1.7000|1.5400|49|1.8163|1.3673
197|2025-11-03 15:00:00+00|3|0|40|1.1000|1.4000|39|1.2564|1.6154
119|2025-11-03 18:00:00+00|1|1|48|2.2292|1.3333|48|1.7917|1.3333
119|2025-11-07 18:00:00+00|1|1|16|1.7500|2.3125|49|1.6939|1.5306
144|2025-11-07 20:00:00+00|2|2|53|1.1132|1.7547|13|1.4615|1.4615
103|2025-11-08 13:00:00+00|0|2|49|1.6122|1.7551|49|1.2041|1.1633
179|2025-11-08 15:00:00+00|1|1|11|1.3636|1.8182|11|1.1818|2.0000
197|2025-11-08 15:00:00+00|3|0|45|0.8444|1.0444|9|1.0000|1.6667
144|2025-11-08 15:00:00+00|1|2|51|1.1176|1.5294|55|0.9818|1.3818
103|2025-11-08 17:00:00+00|3|0|49|2.4286|1.2857|48|1.2083|1.4583
144|2025-11-08 17:15:00+00|2|0|54|1.3519|1.2407|55|1.6364|1.6364
179|2025-11-08 17:45:00+00|0|3|44|1.2500|1.4318|46|1.6957|1.2391
144|2025-11-08 19:45:00+00|3|1|56|1.2679|1.2321|13|0.7692|0.8462
144|2025-11-09 12:30:00+00|1|0|55|1.5091|1.0364|55|1.9636|0.9818
197|2025-11-09 13:00:00+00|0|0|42|1.2381|1.0714|41|1.1463|1.3659
119|2025-11-09 13:00:00+00|2|0|48|1.1042|1.8958|49|1.9184|1.1837
197|2025-11-09 13:00:00+00|1|3|9|1.7778|1.6667|42|1.9048|0.7143
119|2025-11-09 13:00:00+00|0|3|14|1.2857|2.2857|48|1.6250|1.5833
103|2025-11-09 13:30:00+00|1|0|49|1.6327|1.3673|27|1.6667|1.6296
179|2025-11-09 15:00:00+00|1|1|46|1.6957|1.0870|45|1.2667|1.4889
119|2025-11-09 15:00:00+00|0|2|50|1.5200|1.5400|48|2.2083|1.3333
144|2025-11-09 15:00:00+00|1|0|50|1.3600|1.6800|55|0.7818|1.2364
197|2025-11-09 15:00:00+00|5|2|45|1.5778|1.1778|45|1.0000|1.8000
179|2025-11-09 15:00:00+00|1|1|44|1.0682|1.5909|44|1.2727|1.6364
179|2025-11-09 15:00:00+00|0|3|45|1.2667|1.9778|45|1.8667|1.1111
197|2025-11-09 15:30:00+00|0|1|40|1.2250|1.6500|42|1.4524|0.8333
103|2025-11-09 16:00:00+00|2|1|49|1.0816|1.7143|49|1.1837|1.7347
103|2025-11-09 16:00:00+00|1|0|50|1.5400|1.5200|50|1.4600|1.2600
103|2025-11-09 16:00:00+00|5|0|49|2.5102|1.1020|27|1.2222|1.7407
103|2025-11-09 16:00:00+00|1|1|48|1.8958|1.3958|49|1.3265|1.2653
179|2025-11-09 16:00:00+00|4|0|45|2.6444|0.7556|46|1.2609|1.5870
197|2025-11-09 17:00:00+00|0|1|41|1.2195|1.1707|45|1.0667|1.4444
119|2025-11-09 17:00:00+00|2|3|48|1.8125|1.3333|46|1.4783|1.8261
144|2025-11-09 17:30:00+00|1|1|56|1.3214|1.5536|56|1.5714|1.1429
144|2025-11-09 18:15:00+00|1|1|54|1.5370|1.3889|55|1.8727|0.6545
103|2025-11-09 18:15:00+00|0|2|49|0.8571|2.1224|48|1.7917|1.4167
197|2025-11-09 19:00:00+00|2|1|41|1.3171|1.0244|42|1.9762|1.0238
119|2025-11-09 19:00:00+00|2|0|48|1.8542|1.3333|48|1.5833|1.7500
103|2025-11-21 18:00:00+00|1|2|48|1.3333|1.2708|47|2.6596|1.0638
119|2025-11-21 18:00:00+00|0|2|48|1.6875|1.4792|47|1.7660|1.3404
144|2025-11-21 19:45:00+00|0|0|54|0.7407|1.1481|14|1.5000|1.5000
103|2025-11-22 13:00:00+00|1|0|48|1.3958|1.2917|48|1.6042|1.3125
179|2025-11-22 15:00:00+00|1|3|47|1.2340|1.6383|45|1.2667|1.6222
144|2025-11-22 15:00:00+00|2|0|54|1.8519|0.6667|50|1.1400|1.5600
103|2025-11-22 15:00:00+00|3|3|28|1.6071|1.6071|47|1.0851|1.6809
179|2025-11-22 15:00:00+00|2|1|46|1.8913|1.0870|12|1.1667|1.9167
179|2025-11-22 15:00:00+00|2|0|47|1.7234|1.2128|46|1.2391|2.0000
179|2025-11-22 15:00:00+00|0|3|46|1.2609|1.4783|12|1.3333|1.7500
103|2025-11-22 17:00:00+00|4|0|47|1.7660|1.3404|46|1.8913|1.3478
103|2025-11-22 17:00:00+00|2|6|48|1.1250|1.7917|48|1.5833|1.4583
144|2025-11-22 17:15:00+00|0|0|54|1.6296|1.6481|55|1.2545|1.5818
197|2025-11-22 17:30:00+00|1|1|42|1.1190|1.3333|46|0.8913|1.0217
197|2025-11-22 18:00:00+00|3|0|42|1.9286|0.6905|42|1.1905|1.1667
144|2025-11-22 19:45:00+00|1|0|54|1.9815|1.0185|55|1.3636|1.2182
179|2025-11-22 20:00:00+00|0|1|45|1.2222|1.4667|46|2.6739|0.7391
119|2025-11-23 11:00:00+00|1|0|47|1.8936|1.1702|47|1.8511|1.2979
144|2025-11-23 12:30:00+00|0|1|55|1.6000|1.1455|54|1.5000|1.3704
119|2025-11-23 13:00:00+00|5|2|47|1.6596|1.5319|47|1.1277|1.9149
103|2025-11-23 13:30:00+00|0|3|28|1.1786|1.8571|48|1.5417|1.7292
103|2025-11-23 13:30:00+00|5|0|47|1.2128|1.4894|48|0.8333|2.1458
179|2025-11-23 15:00:00+00|1|0|45|1.0667|1.5778|47|1.6809|1.0851
144|2025-11-23 15:00:00+00|1|2|55|1.2909|1.2364|54|1.1296|1.7593
197|2025-11-23 15:00:00+00|0|3|46|1.0217|1.8696|41|1.3171|1.0000
119|2025-11-23 15:00:00+00|5|0|47|1.5319|1.7447|15|1.2000|2.3333
197|2025-11-23 17:00:00+00|3|0|42|1.9524|1.0476|10|1.7000|1.8000
119|2025-11-23 17:00:00+00|2|1|47|1.5106|1.8298|47|2.1702|1.2340
144|2025-11-23 17:30:00+00|0|1|14|0.7857|1.0000|54|1.5370|0.9815
103|2025-11-23 18:15:00+00|0|1|47|1.2340|1.1489|48|2.4167|1.3125
144|2025-11-23 18:15:00+00|1|2|54|1.0000|1.3704|50|1.3800|1.6400
197|2025-11-23 19:00:00+00|1|0|42|1.4048|0.8333|42|1.2143|1.0238
197|2025-11-24 16:00:00+00|1|2|46|1.0652|1.4130|46|1.6522|1.1957
119|2025-11-24 18:00:00+00|0|0|48|1.5417|1.5625|15|1.7333|2.4000
197|2025-11-24 18:00:00+00|1|2|10|0.9000|1.8000|41|1.1951|1.6341
179|2025-11-25 19:45:00+00|2|0|46|1.3043|1.6087|48|1.7292|1.1875
119|2025-11-28 18:00:00+00|2|2|48|1.5208|1.8125|48|1.7292|1.5417
144|2025-11-28 19:45:00+00|0|1|55|1.4909|1.3455|55|0.7273|1.1273
179|2025-11-29 15:00:00+00|3|1|47|1.2128|2.0000|46|1.1957|1.4565
179|2025-11-29 15:00:00+00|0|0|47|1.3191|1.5745|48|1.6458|1.0833
144|2025-11-29 15:00:00+00|2|2|55|1.1455|1.7455|55|1.6000|1.6182
197|2025-11-29 15:30:00+00|0|1|42|1.2143|1.6190|47|1.0638|1.4255
144|2025-11-29 17:15:00+00|1|1|15|1.4000|1.4000|51|1.1176|1.5686
197|2025-11-29 17:30:00+00|2|1|43|1.1860|1.0233|11|0.9091|1.8182
197|2025-11-29 17:30:00+00|3|0|11|1.5455|1.9091|47|1.0000|1.8936
179|2025-11-29 17:45:00+00|1|1|48|1.2292|1.6667|47|1.2340|1.5106
144|2025-11-29 19:45:00+00|0|0|56|1.3393|1.2143|15|0.7333|1.0000
179|2025-11-30 12:00:00+00|1|2|49|1.6939|1.2041|47|2.6383|0.7234
144|2025-11-30 12:30:00+00|0|1|55|1.9636|1.0000|56|1.2857|1.2500
119|2025-11-30 13:00:00+00|0|0|49|1.6531|1.4898|49|1.5102|1.5306
119|2025-11-30 13:00:00+00|2|0|48|1.7708|1.3125|48|1.8750|1.1458
179|2025-11-30 14:00:00+00|0|0|47|1.8936|1.0851|13|1.4615|1.6154
179|2025-11-30 15:00:00+00|0|1|13|1.1538|1.9231|46|1.0652|1.5435
197|2025-11-30 15:00:00+00|0|1|43|1.1628|1.2093|43|1.1163|1.3256
119|2025-11-30 15:00:00+00|6|0|48|2.1458|1.2500|48|1.6042|1.7083
144|2025-11-30 15:00:00+00|2|1|55|1.6000|1.1455|55|1.0000|1.3818
197|2025-11-30 15:00:00+00|0|1|47|0.8936|1.0213|43|1.9535|0.6744
103|2025-11-30 16:00:00+00|1|4|48|0.8333|2.2292|29|1.1379|1.8966
103|2025-11-30 16:00:00+00|1|3|47|1.0851|1.7234|48|1.3958|1.2500
103|2025-11-30 16:00:00+00|3|1|46|1.8478|1.4130|47|1.2979|1.4468
103|2025-11-30 16:00:00+00|6|0|48|1.5833|1.3125|48|1.1458|1.8958
103|2025-11-30 16:00:00+00|2|0|48|1.6458|1.4375|48|1.2917|1.2500
103|2025-11-30 16:00:00+00|1|0|48|1.5833|1.6667|47|1.8085|1.2979
103|2025-11-30 16:00:00+00|5|0|47|2.6809|1.0851|47|1.2128|1.1489
103|2025-11-30 16:00:00+00|5|1|48|2.3958|1.2708|29|1.6552|1.6552
197|2025-11-30 17:00:00+00|2|3|47|1.6596|1.1915|43|1.9767|1.0233
119|2025-11-30 17:00:00+00|3|0|16|1.6250|2.2500|48|1.1458|1.9792
144|2025-11-30 17:30:00+00|1|0|55|1.5273|0.9636|55|1.8545|0.6545
144|2025-11-30 18:15:00+00|1|2|55|1.2364|1.5818|51|1.3922|1.6275
197|2025-11-30 19:00:00+00|2|3|42|1.3571|0.9762|43|1.3953|0.8140
119|2025-12-01 18:00:00+00|1|3|48|1.8125|1.2917|16|1.1250|2.5000
179|2025-12-03 19:45:00+00|2|2|48|1.2292|1.5000|48|1.8542|1.0625
179|2025-12-03 19:45:00+00|3|3|47|1.0638|1.5106|47|1.1915|1.4894
179|2025-12-03 19:45:00+00|1|0|48|2.6250|0.7292|48|1.2500|1.9792
179|2025-12-03 19:45:00+00|0|0|14|1.3571|1.5000|48|1.2917|1.5417
179|2025-12-03 19:45:00+00|1|1|49|1.6122|1.0612|49|1.2245|1.6531
119|2025-12-05 18:00:00+00|1|3|17|1.2353|2.4118|17|1.7059|2.1176
144|2025-12-05 19:45:00+00|1|2|16|0.6875|0.9375|56|1.1607|1.7500
179|2025-12-06 15:00:00+00|2|0|48|1.2292|1.5208|49|1.2449|1.5102
179|2025-12-06 15:00:00+00|3|0|49|1.2653|1.5102|14|1.0714|1.8571
179|2025-12-06 15:00:00+00|3|0|50|1.6800|1.2200|15|1.2667|1.4000
179|2025-12-06 15:00:00+00|1|3|49|1.2245|1.9592|48|1.1042|1.5417
144|2025-12-06 15:00:00+00|1|2|52|1.1154|1.5577|56|0.7321|1.1071
197|2025-12-06 15:00:00+00|3|0|44|1.9318|0.6591|43|1.1860|1.6047
144|2025-12-06 17:15:00+00|1|1|56|1.8214|0.6607|56|1.2321|1.5893
197|2025-12-06 18:30:00+00|1|1|48|1.0625|1.3958|12|1.6667|1.7500
144|2025-12-06 19:45:00+00|3|2|52|1.4038|1.6154|56|1.9286|1.0000
179|2025-12-06 20:00:00+00|0|3|50|1.2200|1.6400|49|1.8571|1.0816
144|2025-12-07 12:30:00+00|1|0|56|1.4643|1.3393|57|1.3158|1.1930
119|2025-12-07 13:00:00+00|5|0|49|1.5714|1.7959|50|1.6200|1.4600
119|2025-12-07 13:00:00+00|3|3|49|1.7347|1.5510|49|2.2245|1.2245
197|2025-12-07 15:00:00+00|1|1|44|1.1136|1.2955|48|1.6667|1.2292
144|2025-12-07 15:00:00+00|4|0|56|1.6071|1.6250|56|1.5179|0.9464
179|2025-12-07 15:00:00+00|1|2|49|2.5918|0.7143|50|1.6000|1.0600
119|2025-12-07 15:00:00+00|1|2|50|1.4800|1.5000|49|1.7755|1.2857
197|2025-12-07 15:30:00+00|2|2|12|0.9167|1.8333|43|1.3721|1.0233
119|2025-12-07 17:00:00+00|0|2|49|1.8367|1.1633|49|1.5306|1.8163
144|2025-12-07 17:30:00+00|3|0|57|1.2807|1.2281|56|1.6071|1.1429
197|2025-12-07 17:30:00+00|3|1|44|2.0000|1.0455|44|1.2045|1.0227
144|2025-12-07 18:15:00+00|1|1|56|1.0000|1.3929|16|1.3750|1.3750
197|2025-12-07 19:00:00+00|4|1|44|1.4318|0.8409|44|1.1364|1.2045
197|2025-12-08 16:00:00+00|0|1|48|0.9792|1.9167|48|0.8750|1.0208
119|2025-12-08 18:00:00+00|2|1|49|1.1224|2.0000|49|1.7959|1.3265
144|2025-12-12 19:45:00+00|0|1|57|0.7544|1.1053|57|1.0000|1.3860
179|2025-12-13 15:00:00+00|0|0|50|1.2200|1.5200|50|1.3000|1.4800
144|2025-12-13 15:00:00+00|2|3|53|1.1132|1.5660|57|1.4561|1.3158
197|2025-12-13 15:00:00+00|3|0|49|1.6531|1.2245|13|1.0000|1.8462
179|2025-12-13 15:00:00+00|2|2|15|1.0000|1.9333|50|1.2200|1.9800
197|2025-12-13 16:00:00+00|3|0|44|1.1591|1.6364|49|0.9592|1.8980
144|2025-12-13 17:15:00+00|2|2|17|1.3529|1.3529|17|0.7059|1.0000
197|2025-12-13 18:00:00+00|0|0|13|1.6154|1.6923|45|1.1111|1.2889
144|2025-12-13 19:45:00+00|2|1|57|1.4912|1.0000|53|1.4340|1.6226
179|2025-12-13 20:00:00+00|0|2|16|1.1875|1.5000|51|1.6078|1.0588
144|2025-12-14 12:30:00+00|0|2|57|1.2281|1.5789|58|1.3103|1.2069
179|2025-12-14 15:00:00+00|2|1|49|1.1429|1.5306|51|1.1961|1.6667
144|2025-12-14 15:00:00+00|1|5|57|1.1754|1.7368|57|1.9298|1.0351
197|2025-12-14 15:30:00+00|0|5|49|0.8776|1.0000|45|1.4889|0.8444
197|2025-12-14 16:00:00+00|2|0|45|1.1333|1.2667|45|2.0222|1.0444
144|2025-12-14 17:30:00+00|1|1|58|1.2931|1.1897|57|1.8070|0.6667
197|2025-12-14 18:00:00+00|0|0|45|1.2000|1.0667|45|1.9556|0.6444
144|2025-12-14 18:15:00+00|1|1|57|1.5789|1.1754|57|1.6491|1.5965
197|2025-12-14 19:00:00+00|2|1|44|1.3864|1.0455|49|1.0612|1.3878
179|2025-12-15 19:45:00+00|1|0|50|1.8800|1.0600|51|1.7059|1.1961
179|2025-12-17 20:00:00+00|2|1|51|1.1961|1.4902|50|2.5600|0.7400
144|2025-12-19 19:45:00+00|2|2|59|1.2881|1.1864|58|1.5690|1.1724
197|2025-12-20 14:00:00+00|0|1|46|1.0870|1.2609|46|1.1739|1.0435
179|2025-12-20 15:00:00+00|1|1|52|1.2115|1.4808|52|1.6731|1.1923
144|2025-12-20 15:00:00+00|0|1|58|1.1724|1.7931|58|0.7414|1.1034
179|2025-12-20 15:00:00+00|1|0|49|1.2449|1.4898|16|1.0625|1.9375
179|2025-12-20 15:00:00+00|1|0|51|1.2745|1.4510|51|1.2353|1.9804
179|2025-12-20 15:00:00+00|0|1|52|1.1923|1.6731|17|1.1176|1.5294
197|2025-12-20 16:00:00+00|1|0|50|1.0600|1.4000|50|0.8600|1.0800
144|2025-12-20 17:15:00+00|2|1|58|1.6379|1.5862|18|0.7778|1.0556
197|2025-12-20 18:30:00+00|1|1|46|1.9130|0.6304|14|1.5000|1.5714
144|2025-12-20 19:45:00+00|2|0|58|1.7931|0.6724|18|1.3889|1.3889
144|2025-12-21 12:30:00+00|2|1|58|1.9828|1.0345|58|1.2069|1.5862
179|2025-12-21 13:30:00+00|2|1|52|1.6154|1.0385|51|1.8627|1.0392
144|2025-12-21 15:00:00+00|1|0|54|1.4259|1.6296|58|1.4828|1.3276
179|2025-12-21 15:00:00+00|3|1|51|2.5294|0.7647|50|1.1600|1.5200
197|2025-12-21 15:30:00+00|0|0|14|0.9286|1.9286|46|1.1522|1.2391
144|2025-12-21 17:30:00+00|2|2|59|1.3220|1.1864|58|1.5000|1.0000
197|2025-12-21 17:30:00+00|2|0|46|1.9783|1.0652|45|1.4000|1.0444
144|2025-12-21 18:15:00+00|0|2|58|1.0000|1.3621|54|1.1296|1.5926
197|2025-12-21 19:00:00+00|2|1|46|1.5652|0.8261|45|1.2000|1.6000
197|2025-12-22 16:00:00+00|0|2|50|0.9400|1.9200|50|1.6800|1.2000
144|2025-12-26 12:30:00+00|3|5|59|1.5763|1.1864|59|1.9831|1.0339
144|2025-12-26 15:00:00+00|1|1|55|1.1455|1.5636|59|1.7966|0.6610
144|2025-12-26 17:30:00+00|1|2|59|0.7458|1.0847|55|1.4182|1.6000
144|2025-12-26 19:45:00+00|1|2|59|1.5085|1.0169|60|1.3000|1.2000
179|2025-12-27 12:30:00+00|3|2|53|1.6604|1.1887|53|1.6226|1.0377
144|2025-12-27 12:30:00+00|2|1|60|1.3333|1.2000|19|1.3158|1.4211
179|2025-12-27 15:00:00+00|1|0|52|1.8462|1.0577|52|1.2692|1.4231
144|2025-12-27 15:00:00+00|0|0|19|0.7895|1.1053|59|0.9831|1.3729
179|2025-12-27 15:00:00+00|0|0|50|1.2400|1.4600|53|1.1698|1.6604
179|2025-12-27 15:00:00+00|1|0|52|1.2115|1.9615|18|1.1111|1.4444
179|2025-12-27 15:00:00+00|2|4|17|1.0000|1.8824|52|2.5385|0.7692
144|2025-12-27 17:15:00+00|1|1|59|1.4576|1.3220|59|1.1525|1.7797
179|2025-12-27 17:45:00+00|1|1|51|1.1569|1.5490|53|1.2075|1.4717
144|2025-12-27 19:45:00+00|2|0|59|1.2034|1.5932|59|1.6441|1.5763
179|2025-12-30 19:45:00+00|2|0|54|1.6852|1.2037|52|1.1538|1.5385
179|2025-12-30 19:45:00+00|2|1|53|1.8302|1.0377|51|1.2157|1.4314
179|2025-12-30 19:45:00+00|1|3|18|1.0556|2.0000|54|1.2037|1.4630
179|2025-12-30 19:45:00+00|2|1|53|1.2075|1.9245|54|1.1481|1.6296
179|2025-12-30 20:00:00+00|2|0|53|1.2453|1.4151|53|2.5660|0.7925
179|2026-01-03 12:30:00+00|1|3|54|2.5185|0.8148|54|1.8333|1.0370
179|2026-01-03 15:00:00+00|1|3|55|1.1455|1.6364|55|1.6909|1.1818
179|2026-01-03 15:00:00+00|2|0|54|1.2593|1.3889|52|1.2115|1.4423
179|2026-01-03 15:00:00+00|1|0|54|1.6296|1.0741|19|1.0526|2.0526
179|2026-01-03 15:00:00+00|1|0|19|1.0526|1.4211|53|1.1321|1.5472
179|2026-01-03 15:00:00+00|0|1|55|1.2364|1.4545|54|1.2222|1.9074
179|2026-01-06 20:00:00+00|2|0|55|1.8545|1.0364|54|1.1111|1.5370
179|2026-01-10 15:00:00+00|4|0|55|2.4909|0.8545|56|1.2143|1.4464
197|2026-01-10 15:00:00+00|1|1|15|1.4667|1.5333|15|0.8667|1.8000
179|2026-01-10 15:00:00+00|1|1|56|1.7143|1.1786|55|1.2727|1.3636
179|2026-01-10 15:00:00+00|1|1|20|1.0000|2.0000|56|1.1429|1.6607
179|2026-01-10 15:00:00+00|0|2|53|1.1887|1.4528|20|1.0500|1.3500
197|2026-01-10 17:30:00+00|0|2|47|1.1277|1.2128|47|1.8936|0.6383
197|2026-01-10 17:30:00+00|0|3|51|0.8431|1.0784|47|1.9787|1.0426
179|2026-01-11 14:00:00+00|0|1|55|1.2182|1.8727|55|1.6182|1.0545
197|2026-01-11 14:00:00+00|3|1|51|1.6863|1.1765|51|1.0588|1.3725
197|2026-01-11 15:30:00+00|4|0|46|1.1957|1.6087|47|1.0638|1.2553
179|2026-01-11 16:30:00+00|0|2|55|1.0909|1.5455|56|1.8571|1.0179
197|2026-01-11 17:30:00+00|1|1|47|1.1702|1.0213|47|1.5745|0.8298
197|2026-01-11 19:00:00+00|3|0|46|1.3696|1.0652|51|0.9216|1.9216
179|2026-01-14 19:45:00+00|0|1|21|1.0952|1.2857|56|2.5179|0.8393
179|2026-01-14 19:45:00+00|2|0|56|1.6071|1.0357|54|1.1667|1.4630
144|2026-01-16 19:45:00+00|2|3|60|2.0333|1.0667|20|0.7500|1.0500
197|2026-01-17 13:30:00+00|2|1|52|0.9038|1.9423|16|1.4375|1.5000
144|2026-01-17 15:00:00+00|2|1|20|1.3000|1.4500|60|1.6000|1.2500
144|2026-01-17 17:15:00+00|0|2|60|1.6167|1.5833|56|1.1429|1.5536
144|2026-01-17 19:45:00+00|1|0|60|1.7833|0.6667|59|1.4576|1.3220
144|2026-01-18 12:30:00+00|4|2|60|1.2167|1.5667|60|1.5000|1.0333
197|2026-01-18 15:00:00+00|1|0|16|0.8750|1.7500|48|1.1667|1.0208
144|2026-01-18 15:00:00+00|1|0|59|1.1695|1.7966|61|1.3443|1.1967
197|2026-01-18 17:00:00+00|3|0|48|2.0000|1.0208|47|1.2553|1.5745
144|2026-01-18 17:30:00+00|2|0|61|1.3115|1.1967|60|0.7500|1.1000
144|2026-01-18 18:15:00+00|1|0|56|1.4286|1.5893|59|0.9831|1.3729
197|2026-01-18 19:00:00+00|4|0|48|1.5625|0.8333|47|1.4043|1.0426
197|2026-01-19 16:00:00+00|1|3|52|0.8269|1.1154|52|1.7115|1.1731
197|2026-01-19 18:00:00+00|0|3|52|1.0577|1.4038|48|1.1042|1.2292
179|2026-01-20 19:45:00+00|1|1|21|1.0000|1.9524|55|1.1455|1.4727
144|2026-01-23 19:45:00+00|0|4|60|0.7500|1.1333|60|1.2667|1.6000
197|2026-01-24 15:00:00+00|1|0|48|1.8958|0.6250|53|1.0377|1.4340
179|2026-01-24 15:00:00+00|4|0|56|1.2679|1.3571|57|1.1404|1.6491
179|2026-01-24 15:00:00+00|4|1|22|1.0455|1.2727|57|1.7018|1.1754
179|2026-01-24 15:00:00+00|6|2|56|1.0714|1.5536|22|1.0000|1.9091
144|2026-01-24 15:00:00+00|1|2|21|0.8571|1.0952|56|1.4464|1.5714
144|2026-01-24 17:15:00+00|4|3|60|2.0500|1.1000|21|1.3333|1.4286
197|2026-01-24 17:30:00+00|0|1|48|1.0417|1.3125|49|1.6122|0.8163
197|2026-01-24 18:00:00+00|1|0|17|0.8824|1.6471|53|0.9245|1.9245
144|2026-01-24 19:45:00+00|0|0|60|0.9667|1.3667|59|1.7797|0.6610
144|2026-01-25 12:30:00+00|0|2|61|1.3279|1.2131|61|1.3443|1.1803
197|2026-01-25 14:00:00+00|2|2|49|1.1429|1.0204|53|1.7358|1.1698
144|2026-01-25 15:00:00+00|1|1|60|1.6167|1.2833|56|1.1786|1.5000
179|2026-01-25 15:00:00+00|2|2|57|1.6140|1.0175|57|2.4912|0.8246
179|2026-01-25 15:00:00+00|3|0|57|1.8596|1.0000|56|1.1964|1.8571
197|2026-01-25 16:00:00+00|1|0|48|1.2292|1.6042|53|0.8302|1.1509
144|2026-01-25 17:30:00+00|0|0|60|1.5167|1.1000|60|1.1667|1.7667
197|2026-01-25 17:30:00+00|0|0|49|1.1429|1.2041|48|1.3750|1.1042
144|2026-01-25 18:15:00+00|1|1|59|1.4237|1.2712|59|1.5254|1.6102
144|2026-01-30 19:45:00+00|1|1|22|0.8636|1.1364|60|1.3167|1.5667
179|2026-01-31 15:00:00+00|0|2|23|1.0435|2.0870|57|1.3158|1.3333
197|2026-01-31 15:00:00+00|0|1|54|0.8148|1.1481|50|1.1600|1.0400
144|2026-01-31 15:00:00+00|0|4|56|1.1786|1.4821|61|1.3115|1.2131
179|2026-01-31 15:00:00+00|3|0|58|1.1207|1.6897|57|1.1579|1.5614
179|2026-01-31 15:00:00+00|0|0|56|1.1429|1.4643|57|1.1754|1.8772
197|2026-01-31 16:00:00+00|1|2|50|1.1200|1.1800|49|1.2245|1.5714
144|2026-01-31 17:15:00+00|0|1|22|1.4091|1.5455|60|1.5167|1.6000
197|2026-01-31 18:00:00+00|0|2|54|1.0185|1.4259|18|0.8889|1.5556
144|2026-01-31 19:45:00+00|0|2|56|1.4643|1.5179|61|1.3115|1.1639
179|2026-01-31 20:00:00+00|0|3|57|1.1930|1.4912|58|1.6207|1.0345
144|2026-02-01 12:30:00+00|2|0|59|0.7458|1.2203|60|1.4833|1.0833
197|2026-02-01 14:00:00+00|3|1|54|1.7407|1.1852|49|1.0204|1.3061
179|2026-02-01 14:00:00+00|0|0|58|1.6897|1.2241|58|1.8793|0.9828
179|2026-02-01 15:00:00+00|2|0|58|2.4828|0.8448|23|1.1739|1.2609
144|2026-02-01 15:00:00+00|1|2|59|1.0847|1.7627|60|1.6167|1.2500
197|2026-02-01 15:30:00+00|3|0|49|1.3469|1.0816|17|1.4118|1.5294
197|2026-02-01 17:30:00+00|4|1|49|2.0204|1.0000|54|0.9074|1.9074
144|2026-02-01 17:30:00+00|1|0|59|1.7288|0.5932|60|2.1167|1.1333
144|2026-02-01 18:15:00+00|2|2|60|0.9167|1.3500|59|1.4407|1.2881
197|2026-02-01 19:00:00+00|1|1|50|1.6000|0.8000|49|1.8776|0.6122
179|2026-02-03 20:00:00+00|1|0|57|1.1228|1.4386|59|1.6441|1.0169
197|2026-02-04 16:30:00+00|0|3|50|1.0200|1.3400|50|1.8600|0.6200
179|2026-02-04 19:45:00+00|3|2|59|1.6610|1.2034|58|1.1724|1.5172
179|2026-02-04 19:45:00+00|5|1|59|1.8475|0.9661|59|1.1525|1.6610
179|2026-02-04 19:45:00+00|1|2|24|1.0000|2.0833|24|1.1250|1.2917
144|2026-02-06 19:45:00+00|0|4|60|1.4667|1.5500|56|1.4464|1.4464
197|2026-02-07 15:00:00+00|1|4|19|0.9474|1.4737|55|0.8000|1.1455
144|2026-02-07 15:00:00+00|1|0|23|1.3478|1.5217|60|1.0833|1.7667
197|2026-02-07 16:00:00+00|2|0|51|1.0000|1.3725|55|1.0000|1.4364
144|2026-02-07 17:15:00+00|3|4|61|1.3279|1.1639|56|1.1071|1.5357
197|2026-02-07 18:00:00+00|0|1|18|1.3333|1.6111|51|1.1176|1.1961
144|2026-02-07 19:45:00+00|1|3|60|1.3333|1.5667|60|0.9333|1.3667
144|2026-02-08 12:30:00+00|2|0|60|1.6000|1.2333|60|1.4667|1.1000
119|2026-02-08 13:00:00+00|2|1|46|1.6304|1.8478|46|1.6522|1.7609
119|2026-02-08 13:00:00+00|0|1|47|1.5745|1.5745|46|1.7391|1.4565
197|2026-02-08 14:00:00+00|0|4|55|0.9091|1.9455|51|1.5882|0.8039
144|2026-02-08 15:00:00+00|2|1|59|1.7288|0.5932|23|0.8696|1.1304
197|2026-02-08 15:00:00+00|3|2|50|1.2400|1.5600|55|1.7636|1.1818
119|2026-02-08 15:00:00+00|2|1|45|2.2889|1.3111|46|1.7826|1.2174
119|2026-02-08 17:00:00+00|0|0|46|1.7826|1.3478|47|1.4468|1.5106
197|2026-02-08 17:00:00+00|0|0|51|1.1569|1.0196|50|2.0600|1.0000
144|2026-02-08 17:30:00+00|3|0|60|2.0833|1.1000|60|0.7667|1.2000
144|2026-02-08 18:15:00+00|2|0|60|1.4500|1.3000|61|1.2787|1.1967
197|2026-02-08 19:00:00+00|0|1|50|1.8800|0.6200|50|1.3800|1.0600
119|2026-02-09 18:00:00+00|2|3|46|1.1739|1.9783|18|1.2222|2.4444
119|2026-02-09 20:00:00+00|2|1|46|1.7609|1.3043|18|1.7778|2.0556
179|2026-02-10 20:00:00+00|1|0|60|1.6167|1.0167|60|1.6833|1.2167
179|2026-02-11 19:45:00+00|2|1|59|2.4746|0.8305|25|1.0000|2.0800
179|2026-02-11 19:45:00+00|4|3|60|1.1500|1.7167|58|1.1207|1.4138
179|2026-02-11 19:45:00+00|1|0|25|1.1600|1.2800|58|1.1552|1.8448
179|2026-02-11 20:00:00+00|1|1|58|1.3276|1.3103|60|1.9000|0.9667
119|2026-02-13 18:00:00+00|2|0|47|1.4255|1.4681|46|1.1957|1.9348
144|2026-02-13 19:45:00+00|2|3|60|1.4667|1.2500|60|1.5667|1.1833
179|2026-02-14 15:00:00+00|2|3|26|1.1538|1.2308|59|1.1864|1.5424
197|2026-02-14 15:00:00+00|3|1|55|0.8727|1.1455|51|1.0196|1.3725
179|2026-02-14 15:00:00+00|2|2|59|1.1356|1.8305|26|1.0000|2.0769
179|2026-02-14 15:00:00+00|2|0|61|1.6557|1.2131|59|1.1525|1.4576
144|2026-02-14 15:00:00+00|3|2|60|0.9667|1.3667|60|1.0333|1.7333
119|2026-02-14 16:00:00+00|1|2|46|1.7826|1.2391|46|1.6522|1.7826
144|2026-02-14 17:15:00+00|2|3|61|1.3770|1.2131|60|1.2833|1.6000
197|2026-02-14 17:30:00+00|0|0|55|1.8000|1.2364|51|1.8431|0.6275
197|2026-02-14 18:00:00+00|1|1|55|1.0000|1.4364|51|1.1373|1.0000
144|2026-02-14 19:45:00+00|1|1|60|0.7667|1.2333|60|1.7333|0.6000
144|2026-02-15 12:30:00+00|1|2|56|1.1607|1.5714|60|2.1167|1.1000
119|2026-02-15 13:00:00+00|1|1|19|1.3158|2.4211|45|1.6444|1.3333
179|2026-02-15 14:00:00+00|2|3|61|1.1967|1.7377|60|2.4667|0.8333
179|2026-02-15 14:30:00+00|2|0|59|1.3220|1.3051|58|1.1379|1.5862
144|2026-02-15 15:00:00+00|0|2|61|1.2787|1.2131|60|1.4500|1.5500
119|2026-02-15 15:00:00+00|1|4|19|1.7368|2.0526|45|2.2667|1.2889
197|2026-02-15 15:30:00+00|2|2|19|1.2632|1.5789|50|1.3000|1.5400
179|2026-02-15 16:30:00+00|4|2|61|1.8852|0.9672|61|1.6066|1.0000
119|2026-02-15 17:00:00+00|1|0|46|1.7391|1.4348|46|1.6957|1.3478
197|2026-02-15 17:30:00+00|0|0|50|2.0000|0.9600|51|1.6078|0.8039
144|2026-02-15 17:45:00+00|0|0|60|1.4167|1.1167|24|0.8750|1.1667
144|2026-02-15 18:30:00+00|3|2|56|1.4643|1.3929|24|1.3333|1.4583
197|2026-02-15 19:00:00+00|1|1|50|1.4000|1.0400|20|0.9500|1.6000
197|2026-02-16 16:00:00+00|2|2|50|1.1200|1.1800|54|0.8889|1.9815
119|2026-02-16 18:00:00+00|2|1|45|1.6222|1.7556|46|1.4565|1.5870
119|2026-02-20 18:00:00+00|3|3|46|1.6304|1.7609|46|1.1739|1.9130
144|2026-02-20 19:45:00+00|0|1|61|1.3115|1.6066|57|1.1579|1.5789
119|2026-02-21 13:00:00+00|2|2|20|1.7000|2.1500|46|1.7609|1.2174
197|2026-02-21 15:00:00+00|1|2|51|1.0392|1.4118|51|1.1373|1.1961
197|2026-02-21 15:00:00+00|2|0|51|1.8039|0.6078|55|0.9273|1.1273
179|2026-02-21 15:00:00+00|2|3|59|1.1186|1.5932|60|1.1500|1.8333
179|2026-02-21 15:00:00+00|1|1|60|1.2167|1.5500|62|1.2097|1.7581
179|2026-02-21 15:00:00+00|1|0|62|1.6129|1.0484|27|1.1852|1.2963
144|2026-02-21 15:00:00+00|1|4|60|1.0500|1.7500|56|1.5179|1.4286
144|2026-02-21 17:15:00+00|2|1|60|2.1167|1.1000|60|1.0000|1.3833
179|2026-02-21 19:30:00+00|0|5|60|1.1333|1.4667|60|1.3333|1.2833
144|2026-02-21 19:45:00+00|2|1|60|1.7500|0.6167|61|1.2787|1.2295
144|2026-02-22 12:30:00+00|0|3|60|1.6000|1.2167|60|0.7667|1.2500
119|2026-02-22 13:00:00+00|1|2|47|1.4255|1.4255|20|1.3000|2.3500
197|2026-02-22 14:00:00+00|0|2|50|1.3200|1.5600|50|1.4000|1.0600
197|2026-02-22 14:00:00+00|2|1|55|0.9091|1.9818|55|1.0000|1.4545
179|2026-02-22 15:00:00+00|1|2|61|2.4754|0.8525|62|1.6613|1.1935
144|2026-02-22 15:00:00+00|0|2|25|0.8400|1.1200|59|1.4237|1.2881
179|2026-02-22 15:00:00+00|2|2|27|1.0370|2.0741|62|1.9194|0.9839
119|2026-02-22 15:00:00+00|0|4|47|1.4468|1.5957|46|2.3043|1.2826
197|2026-02-22 16:00:00+00|1|1|21|0.9524|1.5714|50|1.9600|0.9600
119|2026-02-22 17:00:00+00|5|2|45|1.5778|1.3111|46|1.7391|1.4348
197|2026-02-22 17:00:00+00|1|1|51|1.1373|1.0196|20|1.3000|1.6000
144|2026-02-22 17:30:00+00|2|4|25|1.3600|1.5200|61|1.3934|1.0984
197|2026-02-22 18:00:00+00|4|0|51|1.5882|0.7843|55|1.8000|1.2182
144|2026-02-22 18:15:00+00|2|1|59|1.4915|1.5424|60|1.3833|1.2000
119|2026-02-23 18:00:00+00|0|0|45|1.6667|1.2889|45|1.6222|1.7333
179|2026-02-24 19:45:00+00|0|0|60|1.2167|1.5667|60|1.1333|1.6167
144|2026-02-27 19:45:00+00|1|1|60|0.8167|1.2167|26|0.8077|1.1538
197|2026-02-28 15:00:00+00|3|0|50|1.2600|1.5800|22|0.9545|1.5455
144|2026-02-28 15:00:00+00|2|1|60|1.4333|1.2667|26|1.3846|1.6154
179|2026-02-28 15:00:00+00|3|3|61|1.1803|1.8361|62|1.6774|1.1935
179|2026-02-28 15:00:00+00|5|1|28|1.1429|1.2857|62|1.2097|1.7581
179|2026-02-28 15:00:00+00|1|0|62|1.6290|1.0323|61|1.1148|1.5902
179|2026-02-28 15:00:00+00|1|1|28|1.0714|2.0714|61|1.1148|1.5246
179|2026-02-28 15:00:00+00|2|0|61|1.3934|1.2623|61|1.1967|1.5410
144|2026-02-28 17:15:00+00|1|0|61|1.2787|1.2459|56|1.5714|1.4286
197|2026-02-28 17:30:00+00|1|0|51|1.1569|1.1765|55|0.8727|1.1636
197|2026-02-28 18:00:00+00|1|0|21|1.2857|1.5714|55|1.8000|1.2364
144|2026-02-28 19:45:00+00|5|1|61|1.4590|1.1311|60|0.9833|1.4167
179|2026-03-01 12:00:00+00|2|2|62|1.9516|0.9677|61|2.4426|0.8852
144|2026-03-01 12:30:00+00|3|0|61|1.5738|1.2459|61|1.2951|1.6066
197|2026-03-01 14:00:00+00|1|2|55|0.9455|1.9455|51|1.7843|0.6078
144|2026-03-01 15:00:00+00|0|0|60|1.5000|1.5333|60|1.7833|0.6333
197|2026-03-01 15:30:00+00|2|2|55|1.0000|1.4364|51|1.6078|0.7843
119|2026-03-01 16:00:00+00|0|0|46|2.3261|1.2609|46|1.6304|1.2609
119|2026-03-01 16:00:00+00|1|2|46|1.7391|1.2391|47|1.4255|1.4681
119|2026-03-01 16:00:00+00|1|2|46|1.2391|1.9565|46|1.6522|1.3261
119|2026-03-01 16:00:00+00|1|0|46|1.5870|1.6957|21|1.7143|2.1429
119|2026-03-01 16:00:00+00|2|1|46|1.7391|1.5000|46|1.6522|1.7391
119|2026-03-01 16:00:00+00|2|1|21|1.3333|2.2857|47|1.4255|1.6170
197|2026-03-01 17:00:00+00|2|0|50|1.9400|0.9600|51|1.0392|1.4314
144|2026-03-01 17:30:00+00|1|2|61|1.3770|1.2131|60|2.1000|1.1167
197|2026-03-01 18:00:00+00|3|1|50|1.4000|1.0200|51|1.1373|1.0196
144|2026-03-01 18:15:00+00|0|0|57|1.1754|1.5263|60|1.0333|1.8000
179|2026-03-03 19:45:00+00|2|1|62|1.1774|1.5484|62|1.1129|1.5161
197|2026-03-04 16:00:00+00|4|1|51|1.4314|1.0196|51|1.2941|1.5490
197|2026-03-04 18:00:00+00|1|4|22|1.2727|1.5000|51|1.9412|0.9412
179|2026-03-04 20:00:00+00|1|2|62|1.0968|1.5806|62|2.4355|0.9032
144|2026-03-06 19:45:00+00|0|0|27|0.8148|1.1481|62|1.2742|1.2258
179|2026-03-07 15:00:00+00|2|1|62|1.2097|1.8548|62|1.4032|1.2419
144|2026-03-07 15:00:00+00|0|1|61|0.9836|1.4754|61|1.4754|1.5082
197|2026-03-07 15:00:00+00|0|0|52|1.1346|1.0577|52|1.1538|1.1538
197|2026-03-07 16:00:00+00|1|0|52|1.6154|0.8077|23|0.9130|1.6087
144|2026-03-07 17:15:00+00|2|2|61|1.0164|1.7705|62|1.3710|1.2258
144|2026-03-07 19:45:00+00|2|1|61|1.7541|0.6230|62|1.5968|1.2258
144|2026-03-08 12:30:00+00|2|2|61|2.0984|1.1148|62|1.5161|1.1290
197|2026-03-08 14:00:00+00|0|1|52|1.0192|1.4423|56|0.9464|1.9464
197|2026-03-08 15:00:00+00|1|1|56|1.0179|1.4464|52|1.2885|1.5962
144|2026-03-08 15:00:00+00|3|1|62|1.2742|1.6290|61|1.4426|1.2623
197|2026-03-08 17:00:00+00|1|4|56|1.7679|1.2321|52|1.4808|1.0192
144|2026-03-08 17:30:00+00|0|1|27|1.3704|1.6296|60|0.8000|1.2333
144|2026-03-08 18:15:00+00|2|1|57|1.5439|1.4211|57|1.1404|1.4737
197|2026-03-08 19:00:00+00|0|0|52|1.7885|0.6154|52|1.9808|0.9423
197|2026-03-09 16:00:00+00|2|1|55|0.8727|1.1818|23|1.2609|1.6087
119|2026-03-13 18:00:00+00|0|3|22|1.3636|2.2273|47|1.4468|1.4681
144|2026-03-13 19:45:00+00|2|0|62|1.2903|1.6452|28|1.3214|1.6071
144|2026-03-14 15:00:00+00|0|2|62|1.3548|1.2581|61|0.9672|1.4590
103|2026-03-14 15:00:00+00|2|1|38|1.3684|1.5263|38|2.5789|1.2632
179|2026-03-14 15:00:00+00|1|1|62|1.0806|1.5968|29|1.2759|1.2759
197|2026-03-14 15:00:00+00|0|3|52|1.2500|1.5769|52|1.7885|0.6154
179|2026-03-14 15:00:00+00|0|0|62|1.6935|1.2419|29|1.0690|2.0345
179|2026-03-14 15:00:00+00|3|1|62|2.4355|0.9194|62|1.4032|1.2419
103|2026-03-14 17:00:00+00|2|0|38|1.6316|1.4211|38|1.6316|1.2368
144|2026-03-14 17:15:00+00|2|0|61|1.7869|0.6066|61|1.0492|1.7705
197|2026-03-14 17:30:00+00|0|0|56|0.9286|1.9107|52|1.0962|1.0000
197|2026-03-14 18:00:00+00|1|1|24|0.8750|1.5833|52|1.0000|1.4231
144|2026-03-14 19:45:00+00|1|2|61|1.4590|1.4754|61|2.0820|1.1475
179|2026-03-14 20:00:00+00|1|0|62|1.1935|1.8065|62|1.6452|1.0000
179|2026-03-15 12:00:00+00|0|1|62|1.0968|1.5161|62|1.9677|1.0000
144|2026-03-15 12:30:00+00|1|0|61|1.5574|1.2459|57|1.5439|1.4211
119|2026-03-15 13:00:00+00|2|1|22|1.6364|2.0909|46|1.7391|1.2391
119|2026-03-15 13:00:00+00|0|1|46|2.2826|1.2391|45|1.6444|1.7333
103|2026-03-15 13:30:00+00|3|2|39|1.0769|1.8462|38|1.9211|1.3684
197|2026-03-15 14:00:00+00|2|0|24|1.2500|1.6250|56|1.0357|1.4286
179|2026-03-15 14:00:00+00|2|2|62|1.2419|1.8387|62|1.2097|1.5484
119|2026-03-15 15:00:00+00|1|1|46|1.6087|1.6522|46|1.6739|1.3261
144|2026-03-15 15:00:00+00|1|1|62|1.2419|1.2258|60|0.8167|1.2333
103|2026-03-15 16:00:00+00|1|0|30|1.6333|1.7667|39|1.6667|1.3590
197|2026-03-15 16:00:00+00|3|0|51|1.9412|0.9412|56|1.7500|1.2679
119|2026-03-15 17:00:00+00|0|1|46|1.5870|1.2609|45|1.6444|1.5111
144|2026-03-15 17:30:00+00|1|0|61|1.4590|1.2787|61|1.5410|1.1148
197|2026-03-15 17:30:00+00|2|2|52|1.1154|1.1346|52|1.5962|0.8077
103|2026-03-15 18:15:00+00|4|0|38|1.6316|1.3684|38|1.2895|1.1316
144|2026-03-15 18:15:00+00|1|3|58|1.1379|1.4828|28|0.7857|1.1071
197|2026-03-15 19:00:00+00|0|0|52|1.5577|1.0385|55|0.8909|1.1818
119|2026-03-16 18:00:00+00|1|1|46|1.3913|1.6087|45|1.2667|1.8889
119|2026-03-20 18:00:00+00|1|1|46|1.2609|1.8696|23|1.6522|2.0435
179|2026-03-21 15:00:00+00|1|2|30|1.2667|1.2667|62|1.0645|1.5161
179|2026-03-21 15:00:00+00|0|0|63|1.3968|1.2698|63|1.6667|1.2222
179|2026-03-21 15:00:00+00|2|0|63|1.1905|1.7778|30|1.0333|1.9667
179|2026-03-21 15:00:00+00|1|0|62|1.6290|0.9839|63|1.2540|1.8413
103|2026-03-21 17:00:00+00|4|1|38|2.5526|1.2368|38|1.6579|1.3947
179|2026-03-21 17:45:00+00|4|1|63|1.9524|0.9841|63|1.0794|1.5873
179|2026-03-22 12:30:00+00|2|0|63|1.2222|1.5556|63|2.4444|0.9206
119|2026-03-22 13:00:00+00|2|0|46|1.6304|1.6957|46|1.5870|1.6522
119|2026-03-22 13:00:00+00|0|3|47|1.4681|1.4255|47|1.3830|1.5957
103|2026-03-22 13:30:00+00|0|2|38|1.5263|1.2895|31|1.6129|1.7097
119|2026-03-22 15:00:00+00|1|2|46|1.7174|1.2826|23|1.3043|2.2609
103|2026-03-22 16:00:00+00|1|2|38|1.8684|1.4211|37|1.6216|1.2703
103|2026-03-22 16:00:00+00|3|1|38|1.2105|1.1842|38|1.3684|1.2895
103|2026-03-22 16:00:00+00|0|2|39|1.6667|1.3077|37|1.5676|1.5676
119|2026-03-22 17:00:00+00|0|0|45|1.6889|1.3333|46|1.5217|1.2174
197|2026-03-22 17:00:00+00|1|2|52|1.0000|1.4231|52|1.5000|1.0192
197|2026-03-22 17:00:00+00|1|0|56|1.7321|1.3036|52|1.0769|1.1346
197|2026-03-22 17:00:00+00|2|1|55|1.0182|1.4000|52|1.9615|0.9231
197|2026-03-22 17:00:00+00|0|0|52|1.8269|0.5769|25|0.8800|1.5600
197|2026-03-22 17:00:00+00|0|0|56|0.8750|1.1607|56|0.9107|1.8571
197|2026-03-22 17:00:00+00|3|0|52|1.6346|0.8462|25|1.2800|1.5600
197|2026-03-22 17:00:00+00|0|2|52|1.0577|0.9808|52|1.2308|1.6154
144|2026-03-22 17:30:00+00|1|0|29|1.2759|1.6207|61|1.3607|1.2951
144|2026-03-22 17:30:00+00|4|1|60|2.1000|1.1000|60|1.4500|1.2667
144|2026-03-22 17:30:00+00|1|3|61|1.0492|1.7377|61|1.2623|1.6066
144|2026-03-22 17:30:00+00|1|0|61|0.9836|1.4426|62|1.2258|1.2258
144|2026-03-22 17:30:00+00|5|5|29|0.8621|1.1034|60|1.5000|1.2500
144|2026-03-22 17:30:00+00|1|3|57|1.4912|1.4386|61|1.8197|0.6066
144|2026-03-22 17:30:00+00|0|0|60|0.8167|1.2167|60|1.4500|1.4833
144|2026-03-22 17:30:00+00|2|3|61|1.5410|1.1311|57|1.1404|1.5088
119|2026-03-22 19:00:00+00|1|1|46|1.6304|1.4783|46|2.2391|1.2174
144|2026-04-03 18:45:00+00|1|2|61|1.1148|1.2623|60|1.5667|1.3000
197|2026-04-04 13:00:00+00|1|2|26|1.2308|1.6154|55|0.8545|1.8182
179|2026-04-04 14:00:00+00|4|2|62|2.0000|1.0161|62|1.2097|1.5323
144|2026-04-04 14:00:00+00|2|2|30|1.2667|1.5667|56|1.1964|1.5000
179|2026-04-04 14:00:00+00|3|0|62|1.6774|1.1935|62|1.1452|1.7258
179|2026-04-04 14:00:00+00|2|0|61|1.0984|1.5082|62|1.0323|1.6290
179|2026-04-04 14:00:00+00|2|3|62|1.3548|1.2581|31|1.2581|1.2903
197|2026-04-04 15:00:00+00|3|1|51|0.9608|1.4510|26|0.8462|1.5000
119|2026-04-04 16:00:00+00|2|2|45|2.2444|1.2000|45|1.6000|1.5778
144|2026-04-04 16:15:00+00|1|3|60|1.0167|1.3333|60|0.8167|1.1667
197|2026-04-04 17:00:00+00|1|1|55|0.8364|1.1636|51|1.0784|1.0980
144|2026-04-04 18:45:00+00|1|0|60|1.8333|0.6167|56|1.5000|1.4821
179|2026-04-05 13:00:00+00|2|2|31|1.0000|1.9677|61|1.6230|0.9344
197|2026-04-05 14:00:00+00|1|1|55|1.7636|1.2727|51|1.0196|1.0392
197|2026-04-05 14:00:00+00|1|1|55|1.0182|1.4000|51|1.2157|1.5686
179|2026-04-05 15:30:00+00|1|2|62|1.2258|1.8065|62|2.3548|0.9516
119|2026-04-05 16:00:00+00|7|0|45|1.6889|1.2889|46|1.3913|1.5435
197|2026-04-05 16:00:00+00|0|0|51|1.9804|0.9608|51|1.5686|1.0196
144|2026-04-05 16:30:00+00|2|0|60|1.4167|1.4500|61|1.3607|1.2951
197|2026-04-05 18:00:00+00|0|1|51|1.8235|0.5882|51|1.6863|0.8431
144|2026-04-06 11:30:00+00|4|2|60|2.1500|1.1000|60|1.5333|1.1833
119|2026-04-06 12:00:00+00|1|1|45|1.2444|1.8444|46|1.4348|1.4565
103|2026-04-06 12:30:00+00|0|1|32|1.6250|1.6563|38|2.5526|1.2368
144|2026-04-06 14:00:00+00|0|1|30|1.0000|1.2333|60|1.0500|1.8000
119|2026-04-06 14:00:00+00|1|0|24|1.6250|2.0000|24|1.3333|2.2083
103|2026-04-06 15:00:00+00|1|5|37|1.2973|1.5676|38|1.8684|1.4737
103|2026-04-06 15:00:00+00|0|1|38|1.5526|1.4211|7|1.4286|2.0000
103|2026-04-06 15:00:00+00|0|3|37|1.1622|1.8649|36|2.7500|1.0556
119|2026-04-06 16:00:00+00|1|2|45|1.6444|1.4444|45|1.6667|1.3111
144|2026-04-06 16:30:00+00|1|1|60|1.2667|1.6333|60|1.3833|1.3333
103|2026-04-06 17:15:00+00|2|0|38|1.6316|1.2632|38|1.5000|1.3421
119|2026-04-07 17:00:00+00|2|1|45|1.5333|1.6889|45|1.4889|1.1556
103|2026-04-07 17:00:00+00|1|2|38|1.3158|1.3421|38|1.6842|1.3158
197|2026-04-08 13:00:00+00|1|2|27|0.8519|1.5556|56|0.8393|1.1607
197|2026-04-08 14:00:00+00|0|0|56|0.8750|1.8036|52|1.0000|1.4423
197|2026-04-08 16:00:00+00|0|0|52|1.0769|1.0962|27|1.2222|1.6296
119|2026-04-10 17:00:00+00|1|1|46|1.6739|1.3043|46|1.5435|1.6739
144|2026-04-10 18:45:00+00|2|1|62|1.3387|1.3065|62|1.1129|1.2742
179|2026-04-11 14:00:00+00|2|2|63|1.1270|1.7460|63|1.2222|1.8095
144|2026-04-11 14:00:00+00|3|0|57|1.2105|1.5088|31|0.9677|1.2258
103|2026-04-11 14:00:00+00|2|0|39|1.6410|1.2308|38|1.1316|1.8947
179|2026-04-11 14:00:00+00|1|0|63|2.3492|0.9524|62|1.1129|1.4839
179|2026-04-11 14:00:00+00|2|0|63|1.0159|1.6349|63|1.6984|1.1746
179|2026-04-11 14:00:00+00|3|2|63|1.2222|1.5714|32|1.0313|1.9688
179|2026-04-11 14:00:00+00|3|1|62|1.6290|0.9516|63|1.3651|1.2857
103|2026-04-11 16:00:00+00|5|0|39|2.5128|1.2051|37|2.7568|1.0270
144|2026-04-11 16:15:00+00|1|2|61|0.8525|1.1639|61|1.4262|1.4262
144|2026-04-11 18:45:00+00|1|2|57|1.4737|1.4737|61|2.1803|1.1148
179|2026-04-12 11:00:00+00|3|6|32|1.3125|1.3125|63|2.0317|1.0317
144|2026-04-12 11:30:00+00|0|1|61|1.3770|1.3279|61|1.8197|0.6066
119|2026-04-12 12:00:00+00|3|1|47|1.3617|1.6596|25|1.6000|1.9200
119|2026-04-12 12:00:00+00|0|2|46|1.6087|1.5870|46|1.6304|1.4565
103|2026-04-12 12:30:00+00|2|1|39|1.4615|1.3590|38|1.6053|1.5263
119|2026-04-12 14:00:00+00|1|2|46|1.4783|1.1739|46|2.2391|1.2174
144|2026-04-12 14:00:00+00|0|0|61|1.5738|1.2951|61|1.0164|1.3607
103|2026-04-12 15:00:00+00|1|1|39|1.3077|1.2308|33|1.5758|1.6364
103|2026-04-12 15:00:00+00|4|1|38|1.5526|1.4211|38|1.2895|1.6579
119|2026-04-12 16:00:00+00|1|2|47|1.4255|1.4468|45|1.7778|1.2667
144|2026-04-12 16:30:00+00|3|1|60|1.5500|1.2167|61|1.2623|1.6230
144|2026-04-12 17:15:00+00|1|2|60|1.0667|1.8000|31|1.2903|1.5806
103|2026-04-12 17:15:00+00|0|1|39|1.9487|1.4615|38|1.7105|1.3421
119|2026-04-13 17:00:00+00|2|2|25|1.2800|2.1600|45|1.2444|1.8000
103|2026-04-15 17:00:00+00|0|0|39|1.6923|1.2308|8|1.6250|1.6250
103|2026-04-15 17:00:00+00|1|1|38|1.5789|1.5789|37|2.7568|1.1622
119|2026-04-17 17:00:00+00|6|0|46|1.5000|1.1957|46|1.5435|1.5870
197|2026-04-18 13:00:00+00|0|0|28|1.1786|1.5714|52|1.0000|1.4423
144|2026-04-18 14:00:00+00|2|0|62|1.1129|1.2903|61|1.0000|1.3443
197|2026-04-18 14:00:00+00|3|2|52|1.0769|1.0577|28|0.8571|1.5714
103|2026-04-18 14:00:00+00|0|0|39|1.6923|1.3077|39|1.4872|1.3333
197|2026-04-18 15:00:00+00|2|0|51|1.2353|1.5686|55|1.7455|1.2545
103|2026-04-18 16:00:00+00|3|2|39|2.5641|1.1282|39|1.8974|1.4615
197|2026-04-18 16:00:00+00|3|2|51|1.0000|1.0588|55|1.0364|1.4000
144|2026-04-18 16:15:00+00|1|2|61|1.4426|1.4098|61|1.5246|1.2623
144|2026-04-18 16:15:00+00|1|2|62|1.3548|1.2903|61|0.8361|1.1803
197|2026-04-18 17:00:00+00|2|3|56|0.8393|1.1786|56|0.8571|1.8036
144|2026-04-18 18:45:00+00|1|2|61|1.3279|1.3443|61|1.5738|1.2131
144|2026-04-19 11:30:00+00|0|0|61|1.2787|1.6721|57|1.4561|1.4561
119|2026-04-19 12:00:00+00|3|1|26|1.5769|1.9615|47|1.4043|1.4894
119|2026-04-19 12:00:00+00|2|2|46|1.4130|1.6739|26|1.3077|2.1538
103|2026-04-19 12:30:00+00|0|2|34|1.5588|1.6176|9|1.4444|1.4444
119|2026-04-19 14:00:00+00|2|1|46|1.5435|1.6739|46|1.6739|1.4565
144|2026-04-19 14:00:00+00|1|4|61|1.0656|1.8033|57|1.2632|1.5088
103|2026-04-19 15:00:00+00|0|1|39|1.5641|1.5641|40|1.6500|1.2000
103|2026-04-19 15:00:00+00|4|0|38|1.3158|1.7105|39|1.3590|1.4103
103|2026-04-19 15:00:00+00|2|0|38|1.1316|1.9474|39|1.2821|1.2308
197|2026-04-19 15:00:00+00|3|0|51|1.6863|0.8235|51|1.9608|0.9412
119|2026-04-19 16:00:00+00|1|4|46|1.2609|1.8043|46|1.7826|1.2609
144|2026-04-19 16:30:00+00|2|1|61|1.8361|0.6066|61|2.1803|1.1148
144|2026-04-19 17:15:00+00|0|2|32|0.9375|1.2813|32|1.3125|1.5625
197|2026-04-19 18:00:00+00|0|2|51|1.5490|1.0196|51|1.7843|0.5686
119|2026-04-20 17:00:00+00|2|1|46|2.2391|1.1739|46|1.6739|1.3261
144|2026-04-21 18:30:00+00|1|2|61|0.8689|1.1475|62|1.0968|1.2903
144|2026-04-21 18:30:00+00|0|2|61|0.9672|1.3770|61|1.4590|1.4098
144|2026-04-21 18:30:00+00|1|1|61|1.5246|1.2787|62|1.3710|1.2903
197|2026-04-22 13:00:00+00|0|4|56|0.8929|1.8393|52|1.0769|1.0962
197|2026-04-22 14:00:00+00|1|1|29|0.8966|1.6207|29|1.1379|1.5172
119|2026-04-22 16:00:00+00|2|1|46|1.8696|1.2826|27|1.6296|1.9259
119|2026-04-22 16:00:00+00|1|2|46|1.2391|1.8913|47|1.4255|1.6809
197|2026-04-22 17:00:00+00|2|1|52|0.9808|1.4423|56|0.8750|1.2143
119|2026-04-22 18:00:00+00|0|1|46|1.6087|1.4565|46|1.6304|1.1957
144|2026-04-22 18:30:00+00|6|1|61|2.1639|1.1311|61|1.2623|1.3443
144|2026-04-22 18:30:00+00|0|0|61|1.8525|0.5738|61|1.2787|1.6393
119|2026-04-23 16:00:00+00|1|1|46|1.5870|1.6087|46|1.6957|1.3261
119|2026-04-23 16:00:00+00|2|2|47|1.3404|1.5532|27|1.3333|2.1481
119|2026-04-23 18:00:00+00|1|2|46|1.5000|1.6304|46|2.2391|1.1957
144|2026-04-23 18:45:00+00|2|0|57|1.4211|1.4561|61|1.5902|1.1967
144|2026-04-24 18:45:00+00|2|1|57|1.2807|1.5088|61|1.0492|1.7869
179|2026-04-25 14:00:00+00|1|0|61|1.0000|1.6393|61|1.1311|1.7869
103|2026-04-25 14:00:00+00|1|2|39|1.2821|1.2308|39|2.5897|1.1538
144|2026-04-25 14:00:00+00|0|2|62|0.9516|1.3871|63|1.3651|1.2857
179|2026-04-25 14:00:00+00|0|2|60|1.0833|1.4333|33|1.0606|2.0000
103|2026-04-25 16:00:00+00|1|1|39|1.4103|1.2821|39|1.8462|1.5385
144|2026-04-25 16:15:00+00|1|1|62|1.5161|1.2742|62|0.8710|1.1613
179|2026-04-25 16:30:00+00|3|1|61|2.3279|0.9508|33|1.3636|1.4545
144|2026-04-25 18:45:00+00|2|4|62|1.4677|1.3871|63|1.1111|1.2857
144|2026-04-26 11:30:00+00|0|2|62|1.2581|1.6129|62|2.2258|1.1290
119|2026-04-26 12:00:00+00|2|0|48|1.4375|1.6667|48|1.3542|1.5625
119|2026-04-26 12:00:00+00|0|2|28|1.3571|2.1429|28|1.6071|1.9286
103|2026-04-26 12:30:00+00|5|1|39|1.5641|1.4359|35|1.5143|1.6286
179|2026-04-26 13:00:00+00|3|0|61|1.2459|1.5738|61|1.2623|1.8361
197|2026-04-26 13:00:00+00|0|0|30|1.1333|1.5000|57|0.8772|1.2281
144|2026-04-26 14:00:00+00|1|4|62|1.2581|1.4194|58|1.4310|1.4310
119|2026-04-26 14:00:00+00|3|0|47|1.4894|1.6383|47|1.6170|1.1702
179|2026-04-26 14:00:00+00|2|3|61|2.1475|1.0492|61|1.3934|1.2951
103|2026-04-26 15:00:00+00|1|0|39|1.3333|1.4615|39|1.5385|1.5385
197|2026-04-26 15:00:00+00|2|1|53|1.1321|1.0755|53|1.0000|1.4340
103|2026-04-26 15:00:00+00|3|1|40|1.6750|1.1000|39|1.6410|1.2821
103|2026-04-26 15:00:00+00|2|1|38|1.3947|1.7105|5|0.8000|1.6000
103|2026-04-26 15:00:00+00|1|1|5|1.2000|2.4000|38|1.1842|1.9211
179|2026-04-26 15:30:00+00|1|2|61|1.7049|1.1803|59|1.6271|0.9492
119|2026-04-26 16:00:00+00|1|0|47|1.5745|1.4468|47|1.5745|1.5957
144|2026-04-26 16:30:00+00|1|3|62|1.5645|1.2097|62|1.8226|0.5645
197|2026-04-26 17:00:00+00|0|1|30|0.9000|1.6000|56|0.8750|1.8750
103|2026-04-26 17:15:00+00|0|2|9|1.3333|1.4444|38|2.7368|1.0789
144|2026-04-26 17:15:00+00|4|0|33|1.3333|1.5152|33|0.9091|1.3030
119|2026-04-26 18:00:00+00|0|0|47|1.6809|1.3191|47|2.2340|1.1915
119|2026-04-27 17:00:00+00|3|0|47|1.8723|1.2766|47|1.2340|1.8936
103|2026-04-29 17:00:00+00|0|5|40|1.6750|1.0500|39|1.7949|1.5641
103|2026-04-30 17:00:00+00|5|0|38|2.7105|1.0000|6|0.8333|1.6667
103|2026-05-01 16:00:00+00|3|0|39|2.5641|1.1282|39|1.4103|1.3077
119|2026-05-01 17:00:00+00|1|1|47|1.5106|1.2128|47|1.5319|1.5957
144|2026-05-01 18:45:00+00|2|3|57|1.2807|1.5263|34|1.4118|1.4706
179|2026-05-01 18:45:00+00|2|2|34|1.0882|1.9412|62|1.0000|1.6129
179|2026-05-02 14:00:00+00|3|0|61|1.0984|1.7541|61|1.2787|1.5574
179|2026-05-02 14:00:00+00|1|0|61|1.2131|1.8525|60|1.0833|1.4667
179|2026-05-02 14:00:00+00|1|0|34|1.3529|1.5000|62|1.4194|1.3065
144|2026-05-02 14:00:00+00|3|3|62|1.4677|1.4516|62|0.9516|1.4032
197|2026-05-02 14:00:00+00|0|1|57|0.8596|1.2105|31|1.0968|1.4516
197|2026-05-02 14:30:00+00|1|1|57|0.8772|1.8421|31|0.8710|1.5806
103|2026-05-02 16:00:00+00|3|1|40|1.8750|1.5250|39|1.2821|1.2564
144|2026-05-02 16:15:00+00|2|0|63|1.3968|1.2540|62|1.5000|1.2903
197|2026-05-02 16:30:00+00|4|2|53|0.9623|1.4717|53|1.1698|1.0755
144|2026-05-02 18:45:00+00|2|1|58|1.4828|1.4138|62|1.8548|0.5645
179|2026-05-03 11:00:00+00|1|2|61|1.7049|1.1967|62|2.3387|0.9516
144|2026-05-03 11:30:00+00|1|0|61|1.2623|1.4590|62|1.2581|1.6452
119|2026-05-03 12:00:00+00|1|0|48|1.2708|1.5833|46|1.1739|1.9130
119|2026-05-03 12:00:00+00|2|3|29|1.6207|1.8621|48|1.4375|1.6250
103|2026-05-03 12:30:00+00|4|0|9|1.3333|1.5556|39|1.4872|1.5385
197|2026-05-03 14:00:00+00|0|2|50|1.2600|1.5200|50|1.0000|1.0800
197|2026-05-03 14:00:00+00|5|2|54|1.7222|1.2222|54|1.0741|1.4630
144|2026-05-03 14:00:00+00|0|5|63|1.1746|1.2857|62|0.8548|1.1613
119|2026-05-03 14:00:00+00|3|3|29|1.3103|2.1379|47|1.8936|1.2340
103|2026-05-03 15:00:00+00|1|1|38|1.1842|1.9211|38|1.3684|1.6579
103|2026-05-03 15:00:00+00|1|1|7|0.7143|2.1429|41|1.6341|1.1463
103|2026-05-03 15:00:00+00|1|0|39|1.6154|1.2821|6|1.1667|2.1667
119|2026-05-03 16:00:00+00|2|1|47|1.6383|1.2979|46|1.5435|1.5652
197|2026-05-03 16:00:00+00|3|1|50|1.9400|0.9600|50|1.8200|0.5400
144|2026-05-03 16:30:00+00|1|3|62|1.5161|1.2581|62|2.2419|1.1290
103|2026-05-03 17:15:00+00|2|2|36|1.5000|1.7222|39|1.3333|1.4103
144|2026-05-03 17:15:00+00|2|1|61|1.0656|1.7869|34|0.8824|1.3824
197|2026-05-03 18:00:00+00|0|0|50|1.5400|1.0600|50|1.7600|0.8200
179|2026-05-04 16:30:00+00|2|1|60|1.6333|0.9500|62|2.1452|1.0806
103|2026-05-04 17:00:00+00|0|1|39|2.7692|0.9744|38|1.6053|1.3684
119|2026-05-04 17:00:00+00|3|3|46|2.2609|1.0870|46|1.5870|1.4348
119|2026-05-08 17:00:00+00|0|1|47|1.6170|1.4681|47|1.5319|1.5745
103|2026-05-08 17:00:00+00|1|0|38|1.3947|1.6316|37|1.5135|1.7297
144|2026-05-08 18:45:00+00|2|1|62|0.9355|1.0806|62|0.9839|1.4355
103|2026-05-09 12:00:00+00|2|1|39|1.4359|1.5897|39|1.2564|1.2821
197|2026-05-09 13:00:00+00|1|2|57|0.8596|1.8070|32|1.0938|1.4063
179|2026-05-09 14:00:00+00|2|0|62|0.9677|1.6290|61|1.2295|1.6066
179|2026-05-09 14:00:00+00|3|0|61|1.2131|1.7869|35|1.1143|1.9429
144|2026-05-09 14:00:00+00|4|1|35|0.8857|1.4000|57|1.3158|1.4912
144|2026-05-09 14:00:00+00|2|1|35|1.4571|1.4857|61|1.0820|1.7869
179|2026-05-09 14:00:00+00|0|3|60|1.0500|1.4667|61|1.1475|1.7213
179|2026-05-09 14:00:00+00|1|3|35|1.3429|1.4571|61|1.7049|1.1967
197|2026-05-09 14:00:00+00|1|1|32|0.8750|1.5625|53|1.0377|1.4528
197|2026-05-09 16:30:00+00|1|2|53|1.1509|1.1132|57|0.8246|1.2105
144|2026-05-09 18:45:00+00|2|0|62|2.2581|1.1129|58|1.4828|1.4138
179|2026-05-09 19:00:00+00|1|1|62|1.3871|1.3065|60|1.6667|0.9500
179|2026-05-10 11:00:00+00|3|1|62|2.3387|0.9677|62|2.1452|1.1129
144|2026-05-10 11:30:00+00|1|1|62|1.1774|1.6613|62|1.4516|1.3065
119|2026-05-10 12:00:00+00|2|0|47|1.1489|1.8936|30|1.3667|2.1667
119|2026-05-10 12:00:00+00|0|0|47|1.5319|1.5957|47|2.2766|1.1277
103|2026-05-10 12:30:00+00|2|0|39|1.3590|1.3846|9|1.6667|1.3333
144|2026-05-10 14:00:00+00|0|1|63|1.1429|1.3492|63|1.4127|1.2540
197|2026-05-10 14:00:00+00|3|1|50|1.0200|1.0400|50|1.2200|1.5200
197|2026-05-10 14:00:00+00|0|3|54|1.0741|1.5000|54|1.7593|1.2222
119|2026-05-10 14:00:00+00|0|4|48|1.4792|1.6667|47|1.9362|1.2766
103|2026-05-10 15:00:00+00|2|0|41|1.6585|1.1220|39|1.5897|1.3333
103|2026-05-10 15:00:00+00|0|2|39|1.3846|1.4359|39|2.6154|1.1282
103|2026-05-10 15:00:00+00|2|0|39|1.6154|1.2821|38|1.2105|1.9211
119|2026-05-10 16:00:00+00|0|2|47|1.5106|1.2128|47|1.6596|1.2979
197|2026-05-10 16:30:00+00|1|1|50|1.7800|0.5600|50|1.9600|0.9200
144|2026-05-10 16:30:00+00|3|0|62|1.8065|0.5968|62|1.2581|1.4355
197|2026-05-10 16:30:00+00|2|1|50|1.7000|0.8200|50|1.5200|1.0600
144|2026-05-10 17:15:00+00|3|0|62|1.5000|1.2581|62|1.5161|1.4839
119|2026-05-11 17:00:00+00|2|2|48|1.2917|1.5625|30|1.6333|1.9000
197|2026-05-12 16:00:00+00|1|1|58|0.8448|1.2069|33|0.8788|1.5455
197|2026-05-12 16:00:00+00|0|3|33|1.1212|1.3939|54|1.1481|1.1296
197|2026-05-12 16:00:00+00|1|0|54|1.0370|1.4444|58|0.8621|1.8103
179|2026-05-12 18:45:00+00|0|2|63|0.9841|1.6032|61|1.0328|1.4918
179|2026-05-12 18:45:00+00|3|1|62|1.1774|1.6935|62|1.2419|1.7581
179|2026-05-12 18:45:00+00|0|0|62|1.2097|1.6129|36|1.0833|1.9722
197|2026-05-13 14:00:00+00|3|2|55|1.7818|1.2000|51|1.2157|1.5490
197|2026-05-13 14:00:00+00|1|2|55|1.0545|1.5273|51|1.0588|1.0392
197|2026-05-13 16:30:00+00|1|1|51|1.9412|0.9216|51|1.7059|0.8235
197|2026-05-13 16:30:00+00|1|0|51|1.7647|0.5686|51|1.5098|1.0784
179|2026-05-13 19:00:00+00|2|3|63|1.3810|1.3016|63|2.3492|0.9683
179|2026-05-13 19:00:00+00|1|2|63|2.1270|1.1429|62|1.7258|1.1935
179|2026-05-13 19:00:00+00|3|0|61|1.6557|0.9508|36|1.3333|1.5000
144|2026-05-15 18:45:00+00|3|0|63|0.9841|1.4444|64|1.1250|1.3438
179|2026-05-16 11:30:00+00|0|1|63|1.7302|1.1905|64|1.3906|1.3281
179|2026-05-16 11:30:00+00|3|1|64|2.3594|0.9844|62|1.6774|0.9355
179|2026-05-16 11:30:00+00|2|5|37|1.2973|1.5405|64|2.1094|1.1563
103|2026-05-16 12:00:00+00|2|1|40|1.9000|1.5250|40|1.3500|1.4500
103|2026-05-16 14:00:00+00|1|0|40|1.5500|1.3500|39|1.1795|1.9231
103|2026-05-16 14:00:00+00|6|3|40|2.6000|1.1000|8|0.7500|2.0000
103|2026-05-16 14:00:00+00|3|1|10|1.5000|1.4000|40|1.6250|1.2500
144|2026-05-16 14:00:00+00|0|1|64|1.4063|1.2344|63|1.4921|1.5079
103|2026-05-16 14:00:00+00|2|1|40|1.2500|1.3000|39|1.3846|1.5897
103|2026-05-16 14:00:00+00|2|3|40|1.3750|1.3500|7|1.0000|2.0000
197|2026-05-16 16:00:00+00|0|0|55|1.0364|1.4182|34|1.0882|1.4412
103|2026-05-16 16:00:00+00|5|0|39|2.7179|0.9487|42|1.6667|1.0952
197|2026-05-16 16:00:00+00|2|1|34|0.8824|1.5294|55|1.1818|1.1091
144|2026-05-16 16:15:00+00|0|0|63|0.9524|1.0794|63|1.5238|1.2381
103|2026-05-16 18:00:00+00|3|2|38|1.4737|1.7105|40|1.4500|1.5750
144|2026-05-16 18:45:00+00|1|1|59|1.4576|1.4237|63|1.1746|1.6508
144|2026-05-17 11:30:00+00|2|2|63|1.4444|1.3016|63|1.2381|1.4603
119|2026-05-17 12:00:00+00|5|0|48|1.9792|1.2500|49|1.3061|1.5714
119|2026-05-17 12:00:00+00|0|1|31|1.6452|1.9032|48|1.1667|1.8542
119|2026-05-17 12:00:00+00|4|1|31|1.3226|2.1613|49|1.4490|1.7143
197|2026-05-17 12:00:00+00|1|1|58|0.8276|1.8103|59|0.8475|1.2034
179|2026-05-17 13:00:00+00|1|1|62|1.0484|1.4677|63|1.1905|1.5873
179|2026-05-17 13:00:00+00|3|2|63|1.2381|1.7778|64|0.9688|1.6094
179|2026-05-17 13:00:00+00|1|4|37|1.0541|1.9189|63|1.2063|1.6825
197|2026-05-17 14:00:00+00|3|1|52|1.2308|1.5769|56|1.0536|1.5357
197|2026-05-17 14:00:00+00|3|0|52|1.0769|1.0385|56|1.8036|1.2143
119|2026-05-17 16:00:00+00|1|4|48|1.5208|1.5417|47|1.5106|1.5957
119|2026-05-17 16:00:00+00|2|3|48|2.2292|1.1042|48|1.4792|1.2292
119|2026-05-17 16:00:00+00|6|2|47|1.7021|1.2766|48|1.5833|1.4583
144|2026-05-17 16:30:00+00|5|0|62|2.1774|1.1129|63|1.8254|0.5873
197|2026-05-17 16:30:00+00|2|2|52|1.4808|1.0769|52|1.9231|0.9231
197|2026-05-17 16:30:00+00|1|1|52|1.6923|0.8269|52|1.7500|0.5577
144|2026-05-19 18:30:00+00|0|0|63|1.4762|1.2381|64|1.1094|1.3750
144|2026-05-19 18:30:00+00|1|2|63|1.4444|1.5079|63|0.9365|1.0794
144|2026-05-19 18:30:00+00|1|1|64|1.4063|1.2031|63|1.0159|1.4286
103|2026-05-20 16:00:00+00|1|4|9|1.0000|2.4444|39|2.7949|0.9487
103|2026-05-20 17:00:00+00|1|2|10|1.8000|1.2000|39|1.1282|1.9231
103|2026-05-20 18:00:00+00|2|1|8|1.2500|2.0000|40|1.9250|1.5000
197|2026-05-21 15:00:00+00|6|0|55|1.1636|1.1273|59|0.8305|1.7966
197|2026-05-21 16:00:00+00|1|2|59|0.8475|1.1864|55|1.0182|1.3818
197|2026-05-21 16:00:00+00|3|2|35|1.0571|1.4000|35|0.9143|1.5143
119|2026-05-21 16:30:00+00|1|3|48|1.5000|1.2292|48|2.0417|1.2292
144|2026-05-21 18:30:00+00|2|2|63|1.2222|1.4921|63|2.2222|1.0952
144|2026-05-21 18:30:00+00|0|0|63|1.1905|1.5714|63|1.8095|0.6508
144|2026-05-21 18:30:00+00|3|1|63|1.3810|1.3333|59|1.4746|1.3220
144|2026-05-23 18:45:00+00|0|2|64|0.9531|1.0781|65|1.4000|1.2000
144|2026-05-23 18:45:00+00|0|2|64|1.0156|1.4219|64|1.4531|1.2188
144|2026-05-23 18:45:00+00|2|0|65|1.0923|1.3538|64|1.4375|1.5156
103|2026-05-24 14:00:00+00|3|1|40|2.8250|0.9500|41|1.9024|1.5122
103|2026-05-24 16:00:00+00|1|2|40|1.1500|1.9000|40|2.6250|1.1500
144|2026-05-24 16:30:00+00|5|1|64|1.7813|0.6406|64|1.4063|1.3281
144|2026-05-24 16:30:00+00|5|0|64|2.2188|1.1094|64|1.1719|1.5469
144|2026-05-24 16:30:00+00|3|0|60|1.4667|1.3500|63|1.2381|1.4762
103|2026-05-25 12:30:00+00|2|0|10|1.0000|2.6000|39|1.5128|1.7179
103|2026-05-25 15:00:00+00|2|1|40|1.4750|1.6250|40|1.5250|1.3250
103|2026-05-25 15:00:00+00|2|0|40|1.3500|1.4500|40|1.4000|1.4000
103|2026-05-25 15:00:00+00|1|1|42|1.6190|1.2143|9|1.3333|1.8889
103|2026-05-25 15:00:00+00|2|0|39|1.4103|1.6154|11|1.7273|1.2727
103|2026-05-25 17:15:00+00|1|1|39|1.6154|1.3333|39|1.2821|1.3590
103|2026-05-29 17:00:00+00|2|1|40|1.2750|1.3500|11|1.0909|2.3636
103|2026-05-29 17:00:00+00|2|2|40|1.3000|1.4500|40|2.7750|0.9250
103|2026-05-29 17:00:00+00|0|0|40|1.3500|1.4500|42|1.6190|1.1905
103|2026-05-29 17:00:00+00|0|0|40|1.4750|1.7250|40|1.1750|1.8500
103|2026-05-29 17:00:00+00|1|2|41|1.9024|1.5610|40|1.4750|1.6250
103|2026-05-29 17:00:00+00|0|0|10|1.3000|1.8000|39|1.4615|1.5641
103|2026-05-30 14:00:00+00|2|1|40|1.5500|1.3500|40|1.6000|1.3250
144|2026-05-31 16:30:00+00|1|1|64|1.1406|1.5938|63|1.4286|1.1746
103|2026-07-11 12:00:00+00|0|2|41|1.2927|1.3415|11|1.5455|1.0000
103|2026-07-11 14:00:00+00|2|2|11|1.1818|1.6364|41|1.5610|1.3415
103|2026-07-11 16:00:00+00|4|0|43|1.5814|1.1628|41|1.4390|1.6829
103|2026-07-12 12:30:00+00|0|2|41|1.3171|1.4146|41|2.7561|0.9512
103|2026-07-12 15:00:00+00|2|1|42|1.8810|1.5714|12|1.0833|2.3333
103|2026-07-12 15:00:00+00|3|0|41|1.3171|1.4634|41|1.1463|1.8049
103|2026-07-12 15:00:00+00|2|2|41|1.5854|1.3415|40|1.4250|1.5250
103|2026-07-12 17:15:00+00|1|0|41|1.4878|1.6098|40|2.6500|1.1500
103|2026-07-16 17:00:00+00|6|1|42|1.4048|1.7381|12|1.2500|1.6667
103|2026-07-17 17:15:00+00|1|0|42|2.7381|0.9286|42|1.2619|1.3571
103|2026-07-18 12:00:00+00|1|4|41|1.4390|1.5366|44|1.6364|1.1364
103|2026-07-18 14:00:00+00|0|3|13|1.0769|2.3077|42|1.3571|1.4286
103|2026-07-18 14:00:00+00|2|1|12|1.5833|0.9167|42|1.2857|1.4286
103|2026-07-18 14:00:00+00|0|0|42|1.1190|1.8333|42|1.4762|1.5714
103|2026-07-18 16:00:00+00|1|2|42|1.5714|1.3571|43|1.8837|1.5581
103|2026-07-18 16:00:00+00|2|1|41|2.5854|1.1463|42|1.5952|1.3571
103|2026-07-22 17:00:00+00|1|2|13|1.6154|0.9231|42|2.5714|1.1429
103|2026-07-22 17:00:00+00|3|0|43|2.6977|0.9070|42|1.4286|1.5952
119|2026-07-24 17:00:00+00|1|0|47|1.6383|1.5745|32|1.5938|1.8750
103|2026-07-25 14:00:00+00|1|2|43|1.0930|1.7907|14|1.0000|2.3571
119|2026-07-25 16:00:00+00|1|1|47|1.8085|1.2979|48|1.5000|1.2917
119|2026-07-26 12:00:00+00|2|3|47|1.4894|1.6170|47|2.2340|1.1915
103|2026-07-26 12:30:00+00|2|3|44|1.8864|1.5455|43|1.5116|1.7209
119|2026-07-26 14:00:00+00|3|2|48|2.0417|1.2292|15|0.9333|1.2667
103|2026-07-26 15:00:00+00|2|4|43|1.2791|1.4419|43|1.5581|1.3721
103|2026-07-26 15:00:00+00|1|0|43|1.4419|1.5349|43|1.3953|1.6279
103|2026-07-26 15:00:00+00|0|3|43|1.5814|1.3721|44|2.7045|0.8864
103|2026-07-26 17:15:00+00|1|1|13|1.2308|2.0000|43|2.5581|1.1395
119|2026-07-27 17:00:00+00|1|1|48|1.2500|1.6875|48|1.4792|1.7917
103|2026-07-27 17:00:00+00|4|0|43|1.3953|1.3953|43|1.2326|1.3488
103|2026-07-31 17:00:00+00|0|3|44|1.5455|1.7273|44|1.3636|1.6136
179|2026-07-31 19:00:00+00|1|1|51|1.2157|1.6863|51|2.0588|1.2745
103|2026-07-31 19:00:00+00|4|0|45|2.7111|0.8667|14|1.5714|1.0000
103|2026-08-01 14:00:00+00|1|0|44|1.2045|1.4091|44|1.5455|1.4091
179|2026-08-01 14:00:00+00|0|2|38|1.3158|1.6316|51|1.0392|1.4706
103|2026-08-01 16:00:00+00|0|3|15|1.0667|2.2667|44|2.5227|1.1364
119|2026-08-01 16:00:00+00|2|2|16|1.0000|1.3750|48|1.7917|1.2917
179|2026-08-01 16:30:00+00|2|1|51|1.0980|1.5294|51|1.6667|0.9412
119|2026-08-02 12:00:00+00|1|0|48|1.5625|1.5417|49|1.2449|1.6735
179|2026-08-02 13:00:00+00|4|3|13|0.7692|1.5385|51|1.3137|1.8039
119|2026-08-02 14:00:00+00|1|0|49|1.4898|1.2857|48|1.6250|1.5417
103|2026-08-02 15:00:00+00|2|6|14|1.2143|1.9286|45|1.6889|1.1333
103|2026-08-02 15:00:00+00|2|1|44|1.2955|1.5000|44|1.0909|1.7955
103|2026-08-02 15:00:00+00|3|3|44|1.6136|1.3864|44|1.4318|1.5000
179|2026-08-02 15:30:00+00|1|2|51|1.6275|1.1176|51|1.4706|1.1176
119|2026-08-02 16:00:00+00|1|3|49|1.4694|1.7755|49|2.0612|1.2449
103|2026-08-02 17:15:00+00|3|2|45|1.8889|1.5778|44|1.4545|1.3636
119|2026-08-03 17:00:00+00|1|0|33|1.5455|1.8485|48|1.5000|1.6458
179|2026-08-03 18:30:00+00|1|0|51|2.1961|1.0784|51|1.2157|1.6667
103|2026-08-07 17:00:00+00|0|1|45|1.5111|1.4000|45|1.3111|1.4889
119|2026-08-07 17:00:00+00|0|0|49|1.4694|1.6327|49|1.5918|1.5306
144|2026-08-07 18:45:00+00|3|0|55|2.2364|1.0727|11|1.8182|1.4545
103|2026-08-08 12:00:00+00|1|2|45|1.5111|1.7556|46|2.7391|0.8478
103|2026-08-08 14:00:00+00|2|1|45|2.5333|1.1111|45|1.4667|1.5333
179|2026-08-08 14:00:00+00|1|0|52|1.0577|1.4423|14|1.0000|1.6429
179|2026-08-08 14:00:00+00|2|0|52|1.1923|1.6538|52|1.1154|1.5192
103|2026-08-08 16:00:00+00|0|1|16|1.0000|2.3125|45|1.2000|1.3778
144|2026-08-08 16:15:00+00|2|2|55|0.9455|1.1273|47|1.4043|1.6809
144|2026-08-08 18:45:00+00|1|5|55|1.3636|1.4182|55|1.7818|0.6182
144|2026-08-09 11:30:00+00|2|0|56|1.1429|1.6964|55|1.2727|1.4727
179|2026-08-09 12:30:00+00|1|5|52|1.3462|1.8462|52|2.1731|1.0577
103|2026-08-09 12:30:00+00|0|2|15|1.4667|1.2000|45|1.4667|1.4000
144|2026-08-09 14:00:00+00|2|1|36|1.4722|1.4722|55|1.3818|1.2182
144|2026-08-09 14:00:00+00|3|1|56|1.3750|1.2321|55|1.0909|1.5818
179|2026-08-09 14:00:00+00|0|0|52|1.4808|1.1154|39|1.2821|1.6410
119|2026-08-09 14:00:00+00|2|0|50|1.2200|1.6600|17|1.0588|1.4118
179|2026-08-09 14:00:00+00|4|0|52|1.6538|0.9615|52|1.2115|1.6731
179|2026-08-09 15:00:00+00|1|2|52|2.0385|1.2692|52|1.6154|1.1346
103|2026-08-09 15:00:00+00|1|1|45|1.4000|1.5778|15|1.2667|2.2000
144|2026-08-09 16:30:00+00|2|1|55|1.4000|1.4364|36|0.9722|1.3889
103|2026-08-09 17:15:00+00|2|1|45|1.0889|1.8000|45|1.6444|1.4222
119|2026-08-10 17:00:00+00|1|0|49|1.4898|1.8163|34|1.5294|1.7941
119|2026-08-14 17:00:00+00|2|1|49|1.5714|1.4490|48|1.7500|1.3125
103|2026-08-14 17:00:00+00|2|1|46|1.4783|1.3696|46|2.5217|1.1087
144|2026-08-14 18:45:00+00|3|3|47|1.4255|1.7021|51|1.5686|1.2353
103|2026-08-15 14:00:00+00|1|1|46|1.3043|1.4565|16|1.3750|1.2500
144|2026-08-15 14:00:00+00|0|0|55|1.8727|0.6182|37|1.4865|1.4595
144|2026-08-15 16:15:00+00|0|3|11|1.7273|1.5455|56|1.0357|1.2857
144|2026-08-15 18:45:00+00|0|3|55|1.0545|1.6000|55|2.2545|1.0364
144|2026-08-15 18:45:00+00|3|2|56|1.3750|1.2321|55|1.3636|1.4909
119|2026-08-16 12:00:00+00|1|0|49|1.5510|1.5102|50|1.4800|1.7800
103|2026-08-16 12:30:00+00|5|5|16|1.2500|2.1250|46|1.5000|1.7609
119|2026-08-16 14:00:00+00|1|1|16|1.1250|1.5625|48|2.2708|1.2292
144|2026-08-16 14:00:00+00|1|2|37|0.9730|1.4054|56|1.1250|1.6607
103|2026-08-16 15:00:00+00|1|2|46|1.4565|1.5435|46|1.4783|1.3913
103|2026-08-16 15:00:00+00|3|2|46|1.6304|1.4348|46|1.7826|1.1522
103|2026-08-16 15:00:00+00|3|0|46|1.9130|1.5870|46|1.3913|1.5652
119|2026-08-16 16:00:00+00|0|4|49|1.2653|1.6531|49|2.0816|1.2449
144|2026-08-16 16:30:00+00|3|3|54|1.2593|1.5185|55|0.9636|1.1273
103|2026-08-16 17:15:00+00|1|0|46|1.1957|1.3478|46|1.1087|1.7826
119|2026-08-17 17:00:00+00|3|2|49|1.4286|1.2245|48|1.4375|1.5208
144|2026-08-21 18:45:00+00|2|0|55|0.9818|1.1636|38|0.9737|1.4211
144|2026-08-22 16:15:00+00|2|0|56|1.3929|1.2143|55|1.2909|1.5455
179|2026-08-22 16:45:00+00|0|2|50|1.2200|1.7000|50|1.2200|1.5800
197|2026-08-22 18:30:00+00|1|0|40|1.6500|0.5750|44|1.3409|1.1136
144|2026-08-22 18:45:00+00|4|4|56|1.0536|1.2500|56|1.4286|1.2679
119|2026-08-23 10:00:00+00|0|3|49|1.4490|1.5510|48|1.5000|1.4792
119|2026-08-23 12:00:00+00|2|2|47|1.7021|1.3617|36|1.4722|1.7778
119|2026-08-23 12:00:00+00|1|0|48|2.2917|1.2292|49|1.2449|1.7143
119|2026-08-23 16:00:00+00|4|0|49|1.5918|1.3878|49|2.1429|1.2449
144|2026-08-23 16:30:00+00|1|0|54|2.3148|1.0000|46|1.5000|1.7826
197|2026-08-23 16:30:00+00|2|0|40|1.2250|1.6250|43|1.1395|1.5349
197|2026-08-23 18:00:00+00|4|0|40|1.8250|0.9500|44|1.9091|1.3182
197|2026-08-23 18:30:00+00|3|1|47|0.9362|1.2766|44|1.0227|1.4545
119|2026-08-24 17:00:00+00|3|1|50|1.4600|1.2400|49|1.3673|1.7959
119|2026-08-28 17:00:00+00|2|3|5|1.2000|1.4000|49|1.6122|1.3673
179|2026-08-29 14:00:00+00|2|1|49|2.1224|1.0408|40|1.2500|1.6000
144|2026-08-29 14:00:00+00|2|2|39|0.9487|1.4359|55|1.2909|1.5636
179|2026-08-29 14:00:00+00|0|4|49|1.3469|1.9184|50|1.1800|1.7000
179|2026-08-29 14:00:00+00|2|1|49|1.6939|0.8776|11|0.9091|1.6364
144|2026-08-29 16:15:00+00|1|3|10|1.6000|1.5000|56|1.4107|1.1964
144|2026-08-29 18:45:00+00|1|2|54|1.0370|1.6481|55|1.0182|1.1273
179|2026-08-30 11:00:00+00|0|1|49|1.0612|1.4898|49|2.0204|1.2449
144|2026-08-30 11:30:00+00|2|1|55|1.1636|1.6909|55|2.2909|0.9818
119|2026-08-30 12:00:00+00|1|1|17|1.1176|1.5882|37|1.4865|1.7838
119|2026-08-30 12:00:00+00|1|1|50|1.3600|1.8200|48|2.2708|1.2083
103|2026-08-30 12:30:00+00|4|2|47|2.7234|0.8511|47|1.4894|1.3617
179|2026-08-30 14:00:00+00|3|3|49|1.0408|1.3673|49|1.4898|1.0612
179|2026-08-30 14:00:00+00|1|2|50|1.2400|1.5600|49|1.6122|1.1633
119|2026-08-30 14:00:00+00|2|1|50|1.2200|1.7000|48|1.7083|1.3750
144|2026-08-30 14:00:00+00|1|4|56|1.1250|1.3214|49|1.5510|1.2857
103|2026-08-30 15:00:00+00|0|0|47|1.7872|1.1915|47|1.4468|1.5532
103|2026-08-30 15:00:00+00|2|1|47|2.4894|1.1277|17|1.4706|2.2941
103|2026-08-30 15:00:00+00|3|4|47|1.5745|1.8298|47|1.6596|1.4468
103|2026-08-30 15:00:00+00|2|2|47|1.3617|1.5957|47|1.0851|1.7660
103|2026-08-30 15:00:00+00|0|0|47|1.4894|1.3830|47|1.9362|1.5532
103|2026-08-30 15:00:00+00|4|1|17|0.9412|2.2353|47|1.2979|1.4468
119|2026-08-30 16:00:00+00|3|1|47|1.5106|1.4468|50|1.5000|1.2400
144|2026-08-30 16:30:00+00|3|0|54|1.7963|0.6111|54|1.4074|1.4630
197|2026-08-30 16:30:00+00|2|1|40|1.2000|0.9500|40|1.2000|1.6250
197|2026-08-30 17:15:00+00|1|2|44|1.2955|1.1136|40|1.8750|0.9500
103|2026-08-30 17:15:00+00|1|4|17|1.3529|1.2353|47|1.1915|1.3191
144|2026-08-30 17:15:00+00|2|2|55|1.3818|1.5636|39|1.5128|1.3846
197|2026-08-30 18:00:00+00|1|1|36|1.1111|1.4167|40|1.6250|0.8000
197|2026-08-30 18:00:00+00|0|1|44|1.0455|1.4773|40|1.6500|0.5750
197|2026-08-31 16:30:00+00|0|2|44|1.8864|1.3636|39|1.5128|1.1282
119|2026-08-31 17:00:00+00|3|1|49|2.1429|1.3265|49|1.4286|1.5510
119|2026-09-02 18:00:00+00|0|2|48|1.7083|1.3958|48|2.2083|1.2083
144|2026-09-02 18:30:00+00|0|3|50|1.6000|1.2800|54|1.7963|0.6111
179|2026-09-02 18:45:00+00|0|1|50|1.3200|1.9600|50|1.0800|1.4000
179|2026-09-02 18:45:00+00|3|0|50|1.5200|1.1000|51|1.2353|1.6667
179|2026-09-02 18:45:00+00|1|1|51|1.2353|1.5686|12|0.9167|1.6667
179|2026-09-02 18:45:00+00|3|0|50|2.1200|1.0400|50|1.0400|1.4800
179|2026-09-02 19:00:00+00|1|2|41|1.2439|1.6098|50|2.0000|1.2200
119|2026-09-03 18:00:00+00|2|0|49|2.1837|1.3265|48|1.5417|1.4375
144|2026-09-03 18:30:00+00|1|0|55|1.1818|1.7091|54|1.0556|1.6481
144|2026-09-03 18:30:00+00|1|0|54|1.4074|1.4815|10|1.5000|1.8000
179|2026-09-03 18:45:00+00|1|3|50|1.6200|1.1600|50|1.7000|0.8800
119|2026-09-04 17:00:00+00|0|2|49|1.6531|1.3878|17|1.1176|1.6471
103|2026-09-04 17:00:00+00|2|0|18|1.4444|2.2778|18|1.1111|2.1667
103|2026-09-04 17:00:00+00|1|2|48|1.2500|1.3125|48|2.7500|0.8750
103|2026-09-04 19:00:00+00|1|1|48|1.4583|1.3542|48|2.4792|1.1250
179|2026-09-05 14:00:00+00|1|0|51|2.0000|1.2157|51|1.5490|1.0784
144|2026-09-05 14:00:00+00|2|3|56|1.4643|1.1964|55|1.8182|0.6000
179|2026-09-05 14:00:00+00|0|0|51|1.0196|1.5098|51|1.2941|1.9412
179|2026-09-05 14:00:00+00|1|1|52|1.2115|1.6923|42|1.2381|1.6190
103|2026-09-05 14:00:00+00|4|0|48|1.5000|1.4167|48|1.3750|1.6042
103|2026-09-05 16:00:00+00|1|2|48|1.8958|1.5208|18|1.3333|1.3889
197|2026-09-05 16:00:00+00|1|1|44|1.1364|1.5455|40|1.6500|0.5750
119|2026-09-05 16:00:00+00|2|2|49|1.6735|1.4082|50|1.3800|1.8200
144|2026-09-05 16:15:00+00|0|4|55|1.3091|1.6000|55|1.3818|1.6000
197|2026-09-05 18:00:00+00|5|0|40|1.6500|0.8250|40|1.2500|0.9750
144|2026-09-05 18:45:00+00|1|0|55|1.0545|1.0909|56|1.1429|1.3750
144|2026-09-05 18:45:00+00|4|0|51|1.5686|1.3137|40|0.9750|1.4500
179|2026-09-05 19:00:00+00|1|2|51|1.0784|1.3725|51|2.1373|1.0196
144|2026-09-06 11:30:00+00|0|3|47|1.4468|1.7234|56|1.1786|1.6786
119|2026-09-06 12:00:00+00|2|5|49|1.4286|1.5918|6|1.3333|1.6667
179|2026-09-06 14:00:00+00|2|1|13|0.9231|1.6154|51|1.6078|1.1961
144|2026-09-06 14:00:00+00|0|2|11|1.3636|1.7273|40|1.5250|1.4000
119|2026-09-06 14:00:00+00|0|5|38|1.4737|1.7632|50|2.1800|1.3000
179|2026-09-06 14:00:00+00|2|1|51|1.7255|0.8824|52|1.2308|1.5577
103|2026-09-06 15:00:00+00|2|0|48|1.7083|1.4792|48|1.2917|1.5000
103|2026-09-06 15:00:00+00|2|2|48|1.4167|1.5208|48|1.6042|1.8750
119|2026-09-06 16:00:00+00|0|3|50|1.4800|1.2200|50|1.1800|1.6800
197|2026-09-06 16:30:00+00|2|0|40|1.2250|1.6500|37|1.1081|1.4054
144|2026-09-06 16:30:00+00|0|0|55|1.4000|1.4545|56|1.5357|1.3214
197|2026-09-06 17:00:00+00|0|2|44|1.8864|1.4091|48|1.0208|1.2708
103|2026-09-06 17:15:00+00|2|0|48|1.1042|1.7708|48|1.7500|1.1667
197|2026-09-06 18:30:00+00|3|1|39|1.5385|1.1026|40|1.9000|0.9250
119|2026-09-07 17:00:00+00|2|2|48|2.1667|1.1667|48|1.5417|1.4583